exercise_code,word,reading,letter,letter_name,age_level,emoji,order_index
EX-4-ก,ไก่,ไก่,ก,ก ไก่,4,🐔,1
EX-4-ก,กา,กา,ก,ก ไก่,4,🐦,2
EX-4-ก,กบ,กบ,ก,ก ไก่,4,🐸,3
EX-4-ก,กิน,กิน,ก,ก ไก่,4,🍚,4
EX-4-ก,กอด,กอด,ก,ก ไก่,4,🤗,5
EX-4-ก,แก้ว,แก้ว,ก,ก ไก่,4,🥛,6
EX-4-ก,กล้วย,กล้วย,ก,ก ไก่,4,🍌,7
EX-4-ก,กุ้ง,กุ้ง,ก,ก ไก่,4,🦐,8
EX-4-ก,กวาง,กวาง,ก,ก ไก่,4,🦌,9
EX-4-ก,กลอง,กลอง,ก,ก ไก่,4,🥁,10
EX-4-ก,กบาล,กะ-บาน,ก,ก ไก่,4,👶,11
EX-4-ก,กางเกง,กาง-เกง,ก,ก ไก่,4,👖,12
EX-4-ก,กระเป๋า,กระ-เป๋า,ก,ก ไก่,4,🎒,13
EX-4-ก,กระต่าย,กระ-ต่าย,ก,ก ไก่,4,🐰,14
EX-4-ก,กระโปรง,กระ-โปรง,ก,ก ไก่,4,👗,15
EX-4-ก,กระดาษ,กระ-ดาด,ก,ก ไก่,4,📄,16
EX-4-ก,กระจก,กระ-จก,ก,ก ไก่,4,🪞,17
EX-4-ก,กรรไกร,กัน-ไกร,ก,ก ไก่,4,✂️,18
EX-4-ก,กุญแจ,กุน-แจ,ก,ก ไก่,4,🔑,19
EX-4-ก,เก้าอี้,เก้า-อี้,ก,ก ไก่,4,🪑,20
EX-5-ก,กระดุม,กระ-ดุม,ก,ก ไก่,5,🔘,1
EX-5-ก,กล่อง,กล่อง,ก,ก ไก่,5,📦,2
EX-5-ก,กรง,กรง,ก,ก ไก่,5,🏠,3
EX-5-ก,กระรอก,กระ-รอก,ก,ก ไก่,5,🐿️,4
EX-5-ก,กระทะ,กระ-ทะ,ก,ก ไก่,5,🍳,5
EX-5-ก,กระโดด,กระ-โดด,ก,ก ไก่,5,🤸,6
EX-5-ก,กำไล,กำ-ไล,ก,ก ไก่,5,💍,7
EX-5-ก,กางร่ม,กาง-ร่ม,ก,ก ไก่,5,☂️,8
EX-5-ก,กระดิ่ง,กระ-ดิ่ง,ก,ก ไก่,5,🔔,9
EX-5-ก,กระบือ,กระ-บือ,ก,ก ไก่,5,🐃,10
EX-5-ก,กระเทียม,กระ-เทียม,ก,ก ไก่,5,🧄,11
EX-5-ก,กล้อง,กล้อง,ก,ก ไก่,5,📷,12
EX-5-ก,กุหลาบ,กุ-หลาบ,ก,ก ไก่,5,🌹,13
EX-5-ก,เกลือ,เกฺลือ,ก,ก ไก่,5,🧂,14
EX-5-ก,ไก่ย่าง,ไก่-ย่าง,ก,ก ไก่,5,🍗,15
EX-5-ก,กระต่ายน้อย,กระ-ต่าย-น้อย,ก,ก ไก่,5,🐇,16
EX-5-ก,กาน้ำ,กา-น้ำ,ก,ก ไก่,5,🫖,17
EX-5-ก,กระเช้า,กระ-เช้า,ก,ก ไก่,5,🧺,18
EX-5-ก,กางเขน,กาง-เขน,ก,ก ไก่,5,➕,19
EX-5-ก,กระโจม,กระ-โจม,ก,ก ไก่,5,⛺,20
EX-6-ก,กะ,กะ,ก,ก ไก่,6,🗣️,1
EX-6-ก,กะง,กะง,ก,ก ไก่,6,🗣️,2
EX-6-ก,กะน,กะน,ก,ก ไก่,6,🗣️,3
EX-6-ก,กะม,กะม,ก,ก ไก่,6,🗣️,4
EX-6-ก,กะด,กะด,ก,ก ไก่,6,🗣️,5
EX-6-ก,กะบ,กะบ,ก,ก ไก่,6,🗣️,6
EX-6-ก,กะก,กะก,ก,ก ไก่,6,🗣️,7
EX-6-ก,กา,กา,ก,ก ไก่,6,🗣️,8
EX-6-ก,กาง,กาง,ก,ก ไก่,6,🗣️,9
EX-6-ก,กาน,กาน,ก,ก ไก่,6,🗣️,10
EX-6-ก,กาม,กาม,ก,ก ไก่,6,🗣️,11
EX-6-ก,กาด,กาด,ก,ก ไก่,6,🗣️,12
EX-6-ก,กาบ,กาบ,ก,ก ไก่,6,🗣️,13
EX-6-ก,กาก,กาก,ก,ก ไก่,6,🗣️,14
EX-6-ก,กิ,กิ,ก,ก ไก่,6,🗣️,15
EX-6-ก,กิง,กิง,ก,ก ไก่,6,🗣️,16
EX-6-ก,กิน,กิน,ก,ก ไก่,6,🗣️,17
EX-6-ก,กิม,กิม,ก,ก ไก่,6,🗣️,18
EX-6-ก,กิด,กิด,ก,ก ไก่,6,🗣️,19
EX-6-ก,กิบ,กิบ,ก,ก ไก่,6,🗣️,20
EX-7-ก,กิก,กิก,ก,ก ไก่,7,🗣️,1
EX-7-ก,กี,กี,ก,ก ไก่,7,🗣️,2
EX-7-ก,กีง,กีง,ก,ก ไก่,7,🗣️,3
EX-7-ก,กีน,กีน,ก,ก ไก่,7,🗣️,4
EX-7-ก,กีม,กีม,ก,ก ไก่,7,🗣️,5
EX-7-ก,กีด,กีด,ก,ก ไก่,7,🗣️,6
EX-7-ก,กีบ,กีบ,ก,ก ไก่,7,🗣️,7
EX-7-ก,กีก,กีก,ก,ก ไก่,7,🗣️,8
EX-7-ก,กึ,กึ,ก,ก ไก่,7,🗣️,9
EX-7-ก,กึง,กึง,ก,ก ไก่,7,🗣️,10
EX-7-ก,กึน,กึน,ก,ก ไก่,7,🗣️,11
EX-7-ก,กึม,กึม,ก,ก ไก่,7,🗣️,12
EX-7-ก,กึด,กึด,ก,ก ไก่,7,🗣️,13
EX-7-ก,กึบ,กึบ,ก,ก ไก่,7,🗣️,14
EX-7-ก,กึก,กึก,ก,ก ไก่,7,🗣️,15
EX-7-ก,กื,กื,ก,ก ไก่,7,🗣️,16
EX-7-ก,กืง,กืง,ก,ก ไก่,7,🗣️,17
EX-7-ก,กืน,กืน,ก,ก ไก่,7,🗣️,18
EX-7-ก,กืม,กืม,ก,ก ไก่,7,🗣️,19
EX-7-ก,กืด,กืด,ก,ก ไก่,7,🗣️,20
EX-4-ข,ไข่,ไข่,ข,ข ไข่,4,🥚,1
EX-4-ข,ขา,ขา,ข,ข ไข่,4,🦵,2
EX-4-ข,ขนม,ขะ-หนม,ข,ข ไข่,4,🍬,3
EX-4-ข,ขวด,ขวด,ข,ข ไข่,4,🍼,4
EX-4-ข,ขิง,ขิง,ข,ข ไข่,4,🫚,5
EX-4-ข,ขนุน,ขะ-หนุน,ข,ข ไข่,4,🍈,6
EX-4-ข,ขนไก่,ขน-ไก่,ข,ข ไข่,4,🪶,7
EX-4-ข,เขา,เขา,ข,ข ไข่,4,⛰️,8
EX-4-ข,ขลุ่ย,ขลุ่ย,ข,ข ไข่,4,🎵,9
EX-4-ข,ขนมปัง,ขะ-หนม-ปัง,ข,ข ไข่,4,🍞,10
EX-4-ข,ขวาน,ขฺวาน,ข,ข ไข่,4,🪓,11
EX-4-ข,ขี่ม้า,ขี่-ม้า,ข,ข ไข่,4,🐎,12
EX-4-ข,ขนมเค้ก,ขะ-หนม-เค้ก,ข,ข ไข่,4,🍰,13
EX-4-ข,ของขวัญ,ของ-ขวัน,ข,ข ไข่,4,🎁,14
EX-4-ข,ขนตา,ขน-ตา,ข,ข ไข่,4,👁️,15
EX-4-ข,ขนมจีน,ขะ-หนม-จีน,ข,ข ไข่,4,🍜,16
EX-4-ข,เข็มกลัด,เข็ม-กลัด,ข,ข ไข่,4,📌,17
EX-4-ข,ขนมครก,ขะ-หนม-ครก,ข,ข ไข่,4,🥮,18
EX-4-ข,ขนมไทย,ขะ-หนม-ไทย,ข,ข ไข่,4,🍡,19
EX-4-ข,เขียว,เขียว,ข,ข ไข่,4,🟢,20
EX-5-ข,ขวดนม,ขวด-นม,ข,ข ไข่,5,🍼,1
EX-5-ข,ขันน้ำ,ขัน-น้ำ,ข,ข ไข่,5,🪣,2
EX-5-ข,เข็มขัด,เข็ม-ขัด,ข,ข ไข่,5,🩲,3
EX-5-ข,ขนมเปี๊ยะ,ขะ-หนม-เปี๊ยะ,ข,ข ไข่,5,🥮,4
EX-5-ข,ขนมต้ม,ขะ-หนม-ต้ม,ข,ข ไข่,5,🍡,5
EX-5-ข,ขาไก่,ขา-ไก่,ข,ข ไข่,5,🍗,6
EX-5-ข,ขนนก,ขน-นก,ข,ข ไข่,5,🪶,7
EX-5-ข,ขี้เกียจ,ขี้-เกียด,ข,ข ไข่,5,😴,8
EX-5-ข,ขุดดิน,ขุด-ดิน,ข,ข ไข่,5,⛏️,9
EX-5-ข,ขับรถ,ขับ-รด,ข,ข ไข่,5,🚗,10
EX-5-ข,ขะ,ขะ,ข,ข ไข่,5,🗣️,11
EX-5-ข,ขะง,ขะง,ข,ข ไข่,5,🗣️,12
EX-5-ข,ขะน,ขะน,ข,ข ไข่,5,🗣️,13
EX-5-ข,ขะม,ขะม,ข,ข ไข่,5,🗣️,14
EX-5-ข,ขะด,ขะด,ข,ข ไข่,5,🗣️,15
EX-5-ข,ขะบ,ขะบ,ข,ข ไข่,5,🗣️,16
EX-5-ข,ขะก,ขะก,ข,ข ไข่,5,🗣️,17
EX-5-ข,ขา,ขา,ข,ข ไข่,5,🗣️,18
EX-5-ข,ขาง,ขาง,ข,ข ไข่,5,🗣️,19
EX-5-ข,ขาน,ขาน,ข,ข ไข่,5,🗣️,20
EX-6-ข,ขาม,ขาม,ข,ข ไข่,6,🗣️,1
EX-6-ข,ขาด,ขาด,ข,ข ไข่,6,🗣️,2
EX-6-ข,ขาบ,ขาบ,ข,ข ไข่,6,🗣️,3
EX-6-ข,ขาก,ขาก,ข,ข ไข่,6,🗣️,4
EX-6-ข,ขิ,ขิ,ข,ข ไข่,6,🗣️,5
EX-6-ข,ขิง,ขิง,ข,ข ไข่,6,🗣️,6
EX-6-ข,ขิน,ขิน,ข,ข ไข่,6,🗣️,7
EX-6-ข,ขิม,ขิม,ข,ข ไข่,6,🗣️,8
EX-6-ข,ขิด,ขิด,ข,ข ไข่,6,🗣️,9
EX-6-ข,ขิบ,ขิบ,ข,ข ไข่,6,🗣️,10
EX-6-ข,ขิก,ขิก,ข,ข ไข่,6,🗣️,11
EX-6-ข,ขี,ขี,ข,ข ไข่,6,🗣️,12
EX-6-ข,ขีง,ขีง,ข,ข ไข่,6,🗣️,13
EX-6-ข,ขีน,ขีน,ข,ข ไข่,6,🗣️,14
EX-6-ข,ขีม,ขีม,ข,ข ไข่,6,🗣️,15
EX-6-ข,ขีด,ขีด,ข,ข ไข่,6,🗣️,16
EX-6-ข,ขีบ,ขีบ,ข,ข ไข่,6,🗣️,17
EX-6-ข,ขีก,ขีก,ข,ข ไข่,6,🗣️,18
EX-6-ข,ขึ,ขึ,ข,ข ไข่,6,🗣️,19
EX-6-ข,ขึง,ขึง,ข,ข ไข่,6,🗣️,20
EX-7-ข,ขึน,ขึน,ข,ข ไข่,7,🗣️,1
EX-7-ข,ขึม,ขึม,ข,ข ไข่,7,🗣️,2
EX-7-ข,ขึด,ขึด,ข,ข ไข่,7,🗣️,3
EX-7-ข,ขึบ,ขึบ,ข,ข ไข่,7,🗣️,4
EX-7-ข,ขึก,ขึก,ข,ข ไข่,7,🗣️,5
EX-7-ข,ขื,ขื,ข,ข ไข่,7,🗣️,6
EX-7-ข,ขืง,ขืง,ข,ข ไข่,7,🗣️,7
EX-7-ข,ขืน,ขืน,ข,ข ไข่,7,🗣️,8
EX-7-ข,ขืม,ขืม,ข,ข ไข่,7,🗣️,9
EX-7-ข,ขืด,ขืด,ข,ข ไข่,7,🗣️,10
EX-7-ข,ขืบ,ขืบ,ข,ข ไข่,7,🗣️,11
EX-7-ข,ขืก,ขืก,ข,ข ไข่,7,🗣️,12
EX-7-ข,ขุ,ขุ,ข,ข ไข่,7,🗣️,13
EX-7-ข,ขุง,ขุง,ข,ข ไข่,7,🗣️,14
EX-7-ข,ขุน,ขุน,ข,ข ไข่,7,🗣️,15
EX-7-ข,ขุม,ขุม,ข,ข ไข่,7,🗣️,16
EX-7-ข,ขุด,ขุด,ข,ข ไข่,7,🗣️,17
EX-7-ข,ขุบ,ขุบ,ข,ข ไข่,7,🗣️,18
EX-7-ข,ขุก,ขุก,ข,ข ไข่,7,🗣️,19
EX-7-ข,ขู,ขู,ข,ข ไข่,7,🗣️,20
EX-4-ค,ควาย,คฺวาย,ค,ค ควาย,4,🐃,1
EX-4-ค,คน,คน,ค,ค ควาย,4,🧑,2
EX-4-ค,คอ,คอ,ค,ค ควาย,4,🦒,3
EX-4-ค,ค้างคาว,ค้าง-คาว,ค,ค ควาย,4,🦇,4
EX-4-ค,คาง,คาง,ค,ค ควาย,4,😀,5
EX-4-ค,คุกกี้,คุก-กี้,ค,ค ควาย,4,🍪,6
EX-4-ค,ครู,คฺรู,ค,ค ควาย,4,👩‍🏫,7
EX-4-ค,ค้อน,ค้อน,ค,ค ควาย,4,🔨,8
EX-4-ค,คาราเมล,คา-รา-เมน,ค,ค ควาย,4,🍮,9
EX-4-ค,คอก,คอก,ค,ค ควาย,4,🐄,10
EX-4-ค,ครก,คฺรก,ค,ค ควาย,4,🥣,11
EX-4-ค,คันร่ม,คัน-ร่ม,ค,ค ควาย,4,☂️,12
EX-4-ค,คางคก,คาง-คก,ค,ค ควาย,4,🐸,13
EX-4-ค,คอมพิวเตอร์,คอม-พิว-เต้อ,ค,ค ควาย,4,💻,14
EX-4-ค,เครื่องบิน,เคฺรื่อง-บิน,ค,ค ควาย,4,✈️,15
EX-4-ค,ครอบครัว,คฺรอบ-คฺรัว,ค,ค ควาย,4,👪,16
EX-4-ค,คุณยาย,คุน-ยาย,ค,ค ควาย,4,👵,17
EX-4-ค,คุณตา,คุน-ตา,ค,ค ควาย,4,👴,18
EX-4-ค,ขนมคุกกี้,ขะ-หนม-คุก-กี้,ค,ค ควาย,4,🍪,19
EX-4-ค,คลื่น,คฺลื่น,ค,ค ควาย,4,🌊,20
EX-5-ค,คางคาว,คาง-คาว,ค,ค ควาย,5,🦇,1
EX-5-ค,คันเบ็ด,คัน-เบ็ด,ค,ค ควาย,5,🎣,2
EX-5-ค,คอนเสิร์ต,คอน-เสิด,ค,ค ควาย,5,🎤,3
EX-5-ค,คีบอาหาร,คีบ-อา-หาน,ค,ค ควาย,5,🥢,4
EX-5-ค,คางทูม,คาง-ทูม,ค,ค ควาย,5,🤒,5
EX-5-ค,คลอง,คฺลอง,ค,ค ควาย,5,🛶,6
EX-5-ค,ครีม,คฺรีม,ค,ค ควาย,5,🧴,7
EX-5-ค,คาง,คาง,ค,ค ควาย,5,🙂,8
EX-5-ค,ครอบฟัน,คฺรอบ-ฟัน,ค,ค ควาย,5,🦷,9
EX-5-ค,คนป่วย,คน-ป่วย,ค,ค ควาย,5,🤕,10
EX-5-ค,คะ,คะ,ค,ค ควาย,5,🗣️,11
EX-5-ค,คะง,คะง,ค,ค ควาย,5,🗣️,12
EX-5-ค,คะน,คะน,ค,ค ควาย,5,🗣️,13
EX-5-ค,คะม,คะม,ค,ค ควาย,5,🗣️,14
EX-5-ค,คะด,คะด,ค,ค ควาย,5,🗣️,15
EX-5-ค,คะบ,คะบ,ค,ค ควาย,5,🗣️,16
EX-5-ค,คะก,คะก,ค,ค ควาย,5,🗣️,17
EX-5-ค,คา,คา,ค,ค ควาย,5,🗣️,18
EX-5-ค,คาง,คาง,ค,ค ควาย,5,🗣️,19
EX-5-ค,คาน,คาน,ค,ค ควาย,5,🗣️,20
EX-6-ค,คาม,คาม,ค,ค ควาย,6,🗣️,1
EX-6-ค,คาด,คาด,ค,ค ควาย,6,🗣️,2
EX-6-ค,คาบ,คาบ,ค,ค ควาย,6,🗣️,3
EX-6-ค,คาก,คาก,ค,ค ควาย,6,🗣️,4
EX-6-ค,คิ,คิ,ค,ค ควาย,6,🗣️,5
EX-6-ค,คิง,คิง,ค,ค ควาย,6,🗣️,6
EX-6-ค,คิน,คิน,ค,ค ควาย,6,🗣️,7
EX-6-ค,คิม,คิม,ค,ค ควาย,6,🗣️,8
EX-6-ค,คิด,คิด,ค,ค ควาย,6,🗣️,9
EX-6-ค,คิบ,คิบ,ค,ค ควาย,6,🗣️,10
EX-6-ค,คิก,คิก,ค,ค ควาย,6,🗣️,11
EX-6-ค,คี,คี,ค,ค ควาย,6,🗣️,12
EX-6-ค,คีง,คีง,ค,ค ควาย,6,🗣️,13
EX-6-ค,คีน,คีน,ค,ค ควาย,6,🗣️,14
EX-6-ค,คีม,คีม,ค,ค ควาย,6,🗣️,15
EX-6-ค,คีด,คีด,ค,ค ควาย,6,🗣️,16
EX-6-ค,คีบ,คีบ,ค,ค ควาย,6,🗣️,17
EX-6-ค,คีก,คีก,ค,ค ควาย,6,🗣️,18
EX-6-ค,คึ,คึ,ค,ค ควาย,6,🗣️,19
EX-6-ค,คึง,คึง,ค,ค ควาย,6,🗣️,20
EX-7-ค,คึน,คึน,ค,ค ควาย,7,🗣️,1
EX-7-ค,คึม,คึม,ค,ค ควาย,7,🗣️,2
EX-7-ค,คึด,คึด,ค,ค ควาย,7,🗣️,3
EX-7-ค,คึบ,คึบ,ค,ค ควาย,7,🗣️,4
EX-7-ค,คึก,คึก,ค,ค ควาย,7,🗣️,5
EX-7-ค,คื,คื,ค,ค ควาย,7,🗣️,6
EX-7-ค,คืง,คืง,ค,ค ควาย,7,🗣️,7
EX-7-ค,คืน,คืน,ค,ค ควาย,7,🗣️,8
EX-7-ค,คืม,คืม,ค,ค ควาย,7,🗣️,9
EX-7-ค,คืด,คืด,ค,ค ควาย,7,🗣️,10
EX-7-ค,คืบ,คืบ,ค,ค ควาย,7,🗣️,11
EX-7-ค,คืก,คืก,ค,ค ควาย,7,🗣️,12
EX-7-ค,คุ,คุ,ค,ค ควาย,7,🗣️,13
EX-7-ค,คุง,คุง,ค,ค ควาย,7,🗣️,14
EX-7-ค,คุน,คุน,ค,ค ควาย,7,🗣️,15
EX-7-ค,คุม,คุม,ค,ค ควาย,7,🗣️,16
EX-7-ค,คุด,คุด,ค,ค ควาย,7,🗣️,17
EX-7-ค,คุบ,คุบ,ค,ค ควาย,7,🗣️,18
EX-7-ค,คุก,คุก,ค,ค ควาย,7,🗣️,19
EX-7-ค,คู,คู,ค,ค ควาย,7,🗣️,20
EX-4-จ,จาน,จาน,จ,จ จาน,4,🍽️,1
EX-4-จ,จิ้งจก,จิ้ง-จก,จ,จ จาน,4,🦎,2
EX-4-จ,จมูก,จะ-หมูก,จ,จ จาน,4,👃,3
EX-4-จ,จับ,จับ,จ,จ จาน,4,✊,4
EX-4-จ,จิ้งหรีด,จิ้ง-หฺรีด,จ,จ จาน,4,🦗,5
EX-4-จ,จระเข้,จอ-ระ-เข้,จ,จ จาน,4,🐊,6
EX-4-จ,จักรยาน,จัก-กระ-ยาน,จ,จ จาน,4,🚲,7
EX-4-จ,แจกัน,แจ-กัน,จ,จ จาน,4,🏺,8
EX-4-จ,จาม,จาม,จ,จ จาน,4,🤧,9
EX-4-จ,จิ้ม,จิ้ม,จ,จ จาน,4,👆,10
EX-4-จ,จันทร์,จัน,จ,จ จาน,4,🌙,11
EX-4-จ,จุดไฟ,จุด-ไฟ,จ,จ จาน,4,🔥,12
EX-4-จ,แจว,แจว,จ,จ จาน,4,🛶,13
EX-4-จ,จับปลา,จับ-ปลา,จ,จ จาน,4,🎣,14
EX-4-จ,จานบิน,จาน-บิน,จ,จ จาน,4,🛸,15
EX-4-จ,จิงโจ้,จิง-โจ้,จ,จ จาน,4,🦘,16
EX-4-จ,จักจั่น,จัก-กะ-จั่น,จ,จ จาน,4,🦗,17
EX-4-จ,จานข้าว,จาน-ข้าว,จ,จ จาน,4,🍚,18
EX-4-จ,จดหมาย,จด-หฺมาย,จ,จ จาน,4,✉️,19
EX-4-จ,จุดเทียน,จุด-เทียน,จ,จ จาน,4,🕯️,20
EX-5-จ,จุกนม,จุก-นม,จ,จ จาน,5,🍼,1
EX-5-จ,จานชาม,จาน-ชาม,จ,จ จาน,5,🍽️,2
EX-5-จ,จับมือ,จับ-มือ,จ,จ จาน,5,🤝,3
EX-5-จ,เจดีย์,เจ-ดี,จ,จ จาน,5,🛕,4
EX-5-จ,จิ้งเหลน,จิ้ง-เหฺลน,จ,จ จาน,5,🦎,5
EX-5-จ,จมูกหมา,จะ-หมูก-หมา,จ,จ จาน,5,🐶,6
EX-5-จ,แจกของ,แจก-ของ,จ,จ จาน,5,🎁,7
EX-5-จ,จานสี,จาน-สี,จ,จ จาน,5,🎨,8
EX-5-จ,จุดดาว,จุด-ดาว,จ,จ จาน,5,⭐,9
EX-5-จ,จับจอง,จับ-จอง,จ,จ จาน,5,🪧,10
EX-5-จ,จะ,จะ,จ,จ จาน,5,🗣️,11
EX-5-จ,จะง,จะง,จ,จ จาน,5,🗣️,12
EX-5-จ,จะน,จะน,จ,จ จาน,5,🗣️,13
EX-5-จ,จะม,จะม,จ,จ จาน,5,🗣️,14
EX-5-จ,จะด,จะด,จ,จ จาน,5,🗣️,15
EX-5-จ,จะบ,จะบ,จ,จ จาน,5,🗣️,16
EX-5-จ,จะก,จะก,จ,จ จาน,5,🗣️,17
EX-5-จ,จา,จา,จ,จ จาน,5,🗣️,18
EX-5-จ,จาง,จาง,จ,จ จาน,5,🗣️,19
EX-5-จ,จาน,จาน,จ,จ จาน,5,🗣️,20
EX-6-จ,จาม,จาม,จ,จ จาน,6,🗣️,1
EX-6-จ,จาด,จาด,จ,จ จาน,6,🗣️,2
EX-6-จ,จาบ,จาบ,จ,จ จาน,6,🗣️,3
EX-6-จ,จาก,จาก,จ,จ จาน,6,🗣️,4
EX-6-จ,จิ,จิ,จ,จ จาน,6,🗣️,5
EX-6-จ,จิง,จิง,จ,จ จาน,6,🗣️,6
EX-6-จ,จิน,จิน,จ,จ จาน,6,🗣️,7
EX-6-จ,จิม,จิม,จ,จ จาน,6,🗣️,8
EX-6-จ,จิด,จิด,จ,จ จาน,6,🗣️,9
EX-6-จ,จิบ,จิบ,จ,จ จาน,6,🗣️,10
EX-6-จ,จิก,จิก,จ,จ จาน,6,🗣️,11
EX-6-จ,จี,จี,จ,จ จาน,6,🗣️,12
EX-6-จ,จีง,จีง,จ,จ จาน,6,🗣️,13
EX-6-จ,จีน,จีน,จ,จ จาน,6,🗣️,14
EX-6-จ,จีม,จีม,จ,จ จาน,6,🗣️,15
EX-6-จ,จีด,จีด,จ,จ จาน,6,🗣️,16
EX-6-จ,จีบ,จีบ,จ,จ จาน,6,🗣️,17
EX-6-จ,จีก,จีก,จ,จ จาน,6,🗣️,18
EX-6-จ,จึ,จึ,จ,จ จาน,6,🗣️,19
EX-6-จ,จึง,จึง,จ,จ จาน,6,🗣️,20
EX-7-จ,จึน,จึน,จ,จ จาน,7,🗣️,1
EX-7-จ,จึม,จึม,จ,จ จาน,7,🗣️,2
EX-7-จ,จึด,จึด,จ,จ จาน,7,🗣️,3
EX-7-จ,จึบ,จึบ,จ,จ จาน,7,🗣️,4
EX-7-จ,จึก,จึก,จ,จ จาน,7,🗣️,5
EX-7-จ,จื,จื,จ,จ จาน,7,🗣️,6
EX-7-จ,จืง,จืง,จ,จ จาน,7,🗣️,7
EX-7-จ,จืน,จืน,จ,จ จาน,7,🗣️,8
EX-7-จ,จืม,จืม,จ,จ จาน,7,🗣️,9
EX-7-จ,จืด,จืด,จ,จ จาน,7,🗣️,10
EX-7-จ,จืบ,จืบ,จ,จ จาน,7,🗣️,11
EX-7-จ,จืก,จืก,จ,จ จาน,7,🗣️,12
EX-7-จ,จุ,จุ,จ,จ จาน,7,🗣️,13
EX-7-จ,จุง,จุง,จ,จ จาน,7,🗣️,14
EX-7-จ,จุน,จุน,จ,จ จาน,7,🗣️,15
EX-7-จ,จุม,จุม,จ,จ จาน,7,🗣️,16
EX-7-จ,จุด,จุด,จ,จ จาน,7,🗣️,17
EX-7-จ,จุบ,จุบ,จ,จ จาน,7,🗣️,18
EX-7-จ,จุก,จุก,จ,จ จาน,7,🗣️,19
EX-7-จ,จู,จู,จ,จ จาน,7,🗣️,20
EX-4-ด,เด็ก,เด็ก,ด,ด เด็ก,4,🧒,1
EX-4-ด,ดาว,ดาว,ด,ด เด็ก,4,⭐,2
EX-4-ด,ดิน,ดิน,ด,ด เด็ก,4,🟤,3
EX-4-ด,ดอกไม้,ดอก-ไม้,ด,ด เด็ก,4,🌸,4
EX-4-ด,ดื่ม,ดื่ม,ด,ด เด็ก,4,🥤,5
EX-4-ด,เดิน,เดิน,ด,ด เด็ก,4,🚶,6
EX-4-ด,ดวงจันทร์,ดวง-จัน,ด,ด เด็ก,4,🌙,7
EX-4-ด,ดินสอ,ดิน-สอ,ด,ด เด็ก,4,✏️,8
EX-4-ด,ดาบ,ดาบ,ด,ด เด็ก,4,🗡️,9
EX-4-ด,ดู,ดู,ด,ด เด็ก,4,👀,10
EX-4-ด,ดอกบัว,ดอก-บัว,ด,ด เด็ก,4,🪷,11
EX-4-ด,เด็กน้อย,เด็ก-น้อย,ด,ด เด็ก,4,👶,12
EX-4-ด,ดวงอาทิตย์,ดวง-อา-ทิด,ด,ด เด็ก,4,☀️,13
EX-4-ด,ดาวเทียม,ดาว-เทียม,ด,ด เด็ก,4,🛰️,14
EX-4-ด,ดำน้ำ,ดำ-น้ำ,ด,ด เด็ก,4,🤿,15
EX-4-ด,ดอกกุหลาบ,ดอก-กุ-หลาบ,ด,ด เด็ก,4,🌹,16
EX-4-ด,เด็กดี,เด็ก-ดี,ด,ด เด็ก,4,😇,17
EX-4-ด,ดาวตก,ดาว-ตก,ด,ด เด็ก,4,🌠,18
EX-4-ด,ดินน้ำมัน,ดิน-น้ำ-มัน,ด,ด เด็ก,4,🎨,19
EX-4-ด,ดับเพลิง,ดับ-เพฺลิง,ด,ด เด็ก,4,🚒,20
EX-5-ด,ดวงตา,ดวง-ตา,ด,ด เด็ก,5,👁️,1
EX-5-ด,ดอกทานตะวัน,ดอก-ทาน-ตะ-วัน,ด,ด เด็ก,5,🌻,2
EX-5-ด,เดินเล่น,เดิน-เล่น,ด,ด เด็ก,5,🚶,3
EX-5-ด,ดีใจ,ดี-ใจ,ด,ด เด็ก,5,😄,4
EX-5-ด,ดาวกระจาย,ดาว-กระ-จาย,ด,ด เด็ก,5,✨,5
EX-5-ด,ดูหนัง,ดู-หฺนัง,ด,ด เด็ก,5,🎬,6
EX-5-ด,ดอกเห็ด,ดอก-เห็ด,ด,ด เด็ก,5,🍄,7
EX-5-ด,เดี๋ยว,เดี๋ยว,ด,ด เด็ก,5,⏳,8
EX-5-ด,ดูแล,ดู-แล,ด,ด เด็ก,5,🤲,9
EX-5-ด,ดึงเชือก,ดึง-เชือก,ด,ด เด็ก,5,🪢,10
EX-5-ด,ดะ,ดะ,ด,ด เด็ก,5,🗣️,11
EX-5-ด,ดะง,ดะง,ด,ด เด็ก,5,🗣️,12
EX-5-ด,ดะน,ดะน,ด,ด เด็ก,5,🗣️,13
EX-5-ด,ดะม,ดะม,ด,ด เด็ก,5,🗣️,14
EX-5-ด,ดะด,ดะด,ด,ด เด็ก,5,🗣️,15
EX-5-ด,ดะบ,ดะบ,ด,ด เด็ก,5,🗣️,16
EX-5-ด,ดะก,ดะก,ด,ด เด็ก,5,🗣️,17
EX-5-ด,ดา,ดา,ด,ด เด็ก,5,🗣️,18
EX-5-ด,ดาง,ดาง,ด,ด เด็ก,5,🗣️,19
EX-5-ด,ดาน,ดาน,ด,ด เด็ก,5,🗣️,20
EX-6-ด,ดาม,ดาม,ด,ด เด็ก,6,🗣️,1
EX-6-ด,ดาด,ดาด,ด,ด เด็ก,6,🗣️,2
EX-6-ด,ดาบ,ดาบ,ด,ด เด็ก,6,🗣️,3
EX-6-ด,ดาก,ดาก,ด,ด เด็ก,6,🗣️,4
EX-6-ด,ดิ,ดิ,ด,ด เด็ก,6,🗣️,5
EX-6-ด,ดิง,ดิง,ด,ด เด็ก,6,🗣️,6
EX-6-ด,ดิน,ดิน,ด,ด เด็ก,6,🗣️,7
EX-6-ด,ดิม,ดิม,ด,ด เด็ก,6,🗣️,8
EX-6-ด,ดิด,ดิด,ด,ด เด็ก,6,🗣️,9
EX-6-ด,ดิบ,ดิบ,ด,ด เด็ก,6,🗣️,10
EX-6-ด,ดิก,ดิก,ด,ด เด็ก,6,🗣️,11
EX-6-ด,ดี,ดี,ด,ด เด็ก,6,🗣️,12
EX-6-ด,ดีง,ดีง,ด,ด เด็ก,6,🗣️,13
EX-6-ด,ดีน,ดีน,ด,ด เด็ก,6,🗣️,14
EX-6-ด,ดีม,ดีม,ด,ด เด็ก,6,🗣️,15
EX-6-ด,ดีด,ดีด,ด,ด เด็ก,6,🗣️,16
EX-6-ด,ดีบ,ดีบ,ด,ด เด็ก,6,🗣️,17
EX-6-ด,ดีก,ดีก,ด,ด เด็ก,6,🗣️,18
EX-6-ด,ดึ,ดึ,ด,ด เด็ก,6,🗣️,19
EX-6-ด,ดึง,ดึง,ด,ด เด็ก,6,🗣️,20
EX-7-ด,ดึน,ดึน,ด,ด เด็ก,7,🗣️,1
EX-7-ด,ดึม,ดึม,ด,ด เด็ก,7,🗣️,2
EX-7-ด,ดึด,ดึด,ด,ด เด็ก,7,🗣️,3
EX-7-ด,ดึบ,ดึบ,ด,ด เด็ก,7,🗣️,4
EX-7-ด,ดึก,ดึก,ด,ด เด็ก,7,🗣️,5
EX-7-ด,ดื,ดื,ด,ด เด็ก,7,🗣️,6
EX-7-ด,ดืง,ดืง,ด,ด เด็ก,7,🗣️,7
EX-7-ด,ดืน,ดืน,ด,ด เด็ก,7,🗣️,8
EX-7-ด,ดืม,ดืม,ด,ด เด็ก,7,🗣️,9
EX-7-ด,ดืด,ดืด,ด,ด เด็ก,7,🗣️,10
EX-7-ด,ดืบ,ดืบ,ด,ด เด็ก,7,🗣️,11
EX-7-ด,ดืก,ดืก,ด,ด เด็ก,7,🗣️,12
EX-7-ด,ดุ,ดุ,ด,ด เด็ก,7,🗣️,13
EX-7-ด,ดุง,ดุง,ด,ด เด็ก,7,🗣️,14
EX-7-ด,ดุน,ดุน,ด,ด เด็ก,7,🗣️,15
EX-7-ด,ดุม,ดุม,ด,ด เด็ก,7,🗣️,16
EX-7-ด,ดุด,ดุด,ด,ด เด็ก,7,🗣️,17
EX-7-ด,ดุบ,ดุบ,ด,ด เด็ก,7,🗣️,18
EX-7-ด,ดุก,ดุก,ด,ด เด็ก,7,🗣️,19
EX-7-ด,ดู,ดู,ด,ด เด็ก,7,🗣️,20
EX-4-ต,เต่า,เต่า,ต,ต เต่า,4,🐢,1
EX-4-ต,ตา,ตา,ต,ต เต่า,4,👁️,2
EX-4-ต,ต้นไม้,ต้น-ไม้,ต,ต เต่า,4,🌳,3
EX-4-ต,ตุ๊กตา,ตุ๊ก-กะ-ตา,ต,ต เต่า,4,🧸,4
EX-4-ต,ตี,ตี,ต,ต เต่า,4,🥁,5
EX-4-ต,ตะกร้า,ตะ-กร้า,ต,ต เต่า,4,🧺,6
EX-4-ต,ตำรวจ,ตำ-หฺรวด,ต,ต เต่า,4,👮,7
EX-4-ต,ตู้เย็น,ตู้-เย็น,ต,ต เต่า,4,🧊,8
EX-4-ต,ตก,ตก,ต,ต เต่า,4,⬇️,9
EX-4-ต,ตด,ตด,ต,ต เต่า,4,💨,10
EX-4-ต,ตะเกียบ,ตะ-เกียบ,ต,ต เต่า,4,🥢,11
EX-4-ต,ตาชั่ง,ตา-ชั่ง,ต,ต เต่า,4,⚖️,12
EX-4-ต,ตะปู,ตะ-ปู,ต,ต เต่า,4,🔩,13
EX-4-ต,ตุ๊กแก,ตุ๊ก-แก,ต,ต เต่า,4,🦎,14
EX-4-ต,ตะวัน,ตะ-วัน,ต,ต เต่า,4,☀️,15
EX-4-ต,ต้นกล้วย,ต้น-กฺล้วย,ต,ต เต่า,4,🍌,16
EX-4-ต,ตาข่าย,ตา-ข่าย,ต,ต เต่า,4,🕸️,17
EX-4-ต,ตู้ไปรษณีย์,ตู้-ไปฺร-สะ-นี,ต,ต เต่า,4,📮,18
EX-4-ต,ตะไคร้,ตะ-ไคฺร้,ต,ต เต่า,4,🌿,19
EX-4-ต,ตำลึง,ตำ-ลึง,ต,ต เต่า,4,🥬,20
EX-5-ต,ตีกลอง,ตี-กฺลอง,ต,ต เต่า,5,🥁,1
EX-5-ต,ต้มยำ,ต้ม-ยำ,ต,ต เต่า,5,🍲,2
EX-5-ต,ตะเกียง,ตะ-เกียง,ต,ต เต่า,5,🪔,3
EX-5-ต,ตักบาตร,ตัก-บาด,ต,ต เต่า,5,🙏,4
EX-5-ต,ตู้เสื้อผ้า,ตู้-เสื้อ-ผ้า,ต,ต เต่า,5,🚪,5
EX-5-ต,ตกปลา,ตก-ปลา,ต,ต เต่า,5,🎣,6
EX-5-ต,ตลับ,ตะ-หฺลับ,ต,ต เต่า,5,📦,7
EX-5-ต,ตายาย,ตา-ยาย,ต,ต เต่า,5,👵,8
EX-5-ต,ตีลังกา,ตี-ลัง-กา,ต,ต เต่า,5,🤸,9
EX-5-ต,ต่อยมวย,ต่อย-มวย,ต,ต เต่า,5,🥊,10
EX-5-ต,ตะ,ตะ,ต,ต เต่า,5,🗣️,11
EX-5-ต,ตะง,ตะง,ต,ต เต่า,5,🗣️,12
EX-5-ต,ตะน,ตะน,ต,ต เต่า,5,🗣️,13
EX-5-ต,ตะม,ตะม,ต,ต เต่า,5,🗣️,14
EX-5-ต,ตะด,ตะด,ต,ต เต่า,5,🗣️,15
EX-5-ต,ตะบ,ตะบ,ต,ต เต่า,5,🗣️,16
EX-5-ต,ตะก,ตะก,ต,ต เต่า,5,🗣️,17
EX-5-ต,ตา,ตา,ต,ต เต่า,5,🗣️,18
EX-5-ต,ตาง,ตาง,ต,ต เต่า,5,🗣️,19
EX-5-ต,ตาน,ตาน,ต,ต เต่า,5,🗣️,20
EX-6-ต,ตาม,ตาม,ต,ต เต่า,6,🗣️,1
EX-6-ต,ตาด,ตาด,ต,ต เต่า,6,🗣️,2
EX-6-ต,ตาบ,ตาบ,ต,ต เต่า,6,🗣️,3
EX-6-ต,ตาก,ตาก,ต,ต เต่า,6,🗣️,4
EX-6-ต,ติ,ติ,ต,ต เต่า,6,🗣️,5
EX-6-ต,ติง,ติง,ต,ต เต่า,6,🗣️,6
EX-6-ต,ติน,ติน,ต,ต เต่า,6,🗣️,7
EX-6-ต,ติม,ติม,ต,ต เต่า,6,🗣️,8
EX-6-ต,ติด,ติด,ต,ต เต่า,6,🗣️,9
EX-6-ต,ติบ,ติบ,ต,ต เต่า,6,🗣️,10
EX-6-ต,ติก,ติก,ต,ต เต่า,6,🗣️,11
EX-6-ต,ตี,ตี,ต,ต เต่า,6,🗣️,12
EX-6-ต,ตีง,ตีง,ต,ต เต่า,6,🗣️,13
EX-6-ต,ตีน,ตีน,ต,ต เต่า,6,🗣️,14
EX-6-ต,ตีม,ตีม,ต,ต เต่า,6,🗣️,15
EX-6-ต,ตีด,ตีด,ต,ต เต่า,6,🗣️,16
EX-6-ต,ตีบ,ตีบ,ต,ต เต่า,6,🗣️,17
EX-6-ต,ตีก,ตีก,ต,ต เต่า,6,🗣️,18
EX-6-ต,ตึ,ตึ,ต,ต เต่า,6,🗣️,19
EX-6-ต,ตึง,ตึง,ต,ต เต่า,6,🗣️,20
EX-7-ต,ตึน,ตึน,ต,ต เต่า,7,🗣️,1
EX-7-ต,ตึม,ตึม,ต,ต เต่า,7,🗣️,2
EX-7-ต,ตึด,ตึด,ต,ต เต่า,7,🗣️,3
EX-7-ต,ตึบ,ตึบ,ต,ต เต่า,7,🗣️,4
EX-7-ต,ตึก,ตึก,ต,ต เต่า,7,🗣️,5
EX-7-ต,ตื,ตื,ต,ต เต่า,7,🗣️,6
EX-7-ต,ตืง,ตืง,ต,ต เต่า,7,🗣️,7
EX-7-ต,ตืน,ตืน,ต,ต เต่า,7,🗣️,8
EX-7-ต,ตืม,ตืม,ต,ต เต่า,7,🗣️,9
EX-7-ต,ตืด,ตืด,ต,ต เต่า,7,🗣️,10
EX-7-ต,ตืบ,ตืบ,ต,ต เต่า,7,🗣️,11
EX-7-ต,ตืก,ตืก,ต,ต เต่า,7,🗣️,12
EX-7-ต,ตุ,ตุ,ต,ต เต่า,7,🗣️,13
EX-7-ต,ตุง,ตุง,ต,ต เต่า,7,🗣️,14
EX-7-ต,ตุน,ตุน,ต,ต เต่า,7,🗣️,15
EX-7-ต,ตุม,ตุม,ต,ต เต่า,7,🗣️,16
EX-7-ต,ตุด,ตุด,ต,ต เต่า,7,🗣️,17
EX-7-ต,ตุบ,ตุบ,ต,ต เต่า,7,🗣️,18
EX-7-ต,ตุก,ตุก,ต,ต เต่า,7,🗣️,19
EX-7-ต,ตู,ตู,ต,ต เต่า,7,🗣️,20
EX-4-ท,ทหาร,ทะ-หาน,ท,ท ทหาร,4,🪖,1
EX-4-ท,ทาง,ทาง,ท,ท ทหาร,4,🛣️,2
EX-4-ท,ที,ที,ท,ท ทหาร,4,🏏,3
EX-4-ท,ทอง,ทอง,ท,ท ทหาร,4,🪙,4
EX-4-ท,ทา,ทา,ท,ท ทหาร,4,🖌️,5
EX-4-ท,ทุเรียน,ทุ-เรียน,ท,ท ทหาร,4,🥭,6
EX-4-ท,โทรศัพท์,โท-ระ-สับ,ท,ท ทหาร,4,📱,7
EX-4-ท,ทะเล,ทะ-เล,ท,ท ทหาร,4,🌊,8
EX-4-ท,ทาก,ทาก,ท,ท ทหาร,4,🐌,9
EX-4-ท,ทับทิม,ทับ-ทิม,ท,ท ทหาร,4,🍎,10
EX-4-ท,ทานข้าว,ทาน-ข้าว,ท,ท ทหาร,4,🍚,11
EX-4-ท,ที่นอน,ที่-นอน,ท,ท ทหาร,4,🛏️,12
EX-4-ท,ทุ่งนา,ทุ่ง-นา,ท,ท ทหาร,4,🌾,13
EX-4-ท,ธงชาติ,ทง-ชาด,ท,ท ทหาร,4,🇹🇭,14
EX-4-ท,ทอดไข่,ทอด-ไข่,ท,ท ทหาร,4,🍳,15
EX-4-ท,ทองคำ,ทอง-คำ,ท,ท ทหาร,4,🥇,16
EX-4-ท,ทานตะวัน,ทาน-ตะ-วัน,ท,ท ทหาร,4,🌻,17
EX-4-ท,โทรทัศน์,โท-ระ-ทัด,ท,ท ทหาร,4,📺,18
EX-4-ท,ทับทิมกรอบ,ทับ-ทิม-กฺรอบ,ท,ท ทหาร,4,🍧,19
EX-4-ท,ทางม้าลาย,ทาง-ม้า-ลาย,ท,ท ทหาร,4,🦓,20
EX-5-ท,ทำอาหาร,ทำ-อา-หาน,ท,ท ทหาร,5,🍳,1
EX-5-ท,ที่ตักขยะ,ที่-ตัก-ขะ-หยะ,ท,ท ทหาร,5,🧹,2
EX-5-ท,ทรงผม,ซง-ผม,ท,ท ทหาร,5,💇,3
EX-5-ท,ทุ่งหญ้า,ทุ่ง-หฺย้า,ท,ท ทหาร,5,🌿,4
EX-5-ท,ทอฟฟี่,ทอฟ-ฟี่,ท,ท ทหาร,5,🍬,5
EX-5-ท,ทาสีบ้าน,ทา-สี-บ้าน,ท,ท ทหาร,5,🏠,6
EX-5-ท,ทางลัด,ทาง-ลัด,ท,ท ทหาร,5,↪️,7
EX-5-ท,ทุบ,ทุบ,ท,ท ทหาร,5,🔨,8
EX-5-ท,ทำการบ้าน,ทำ-กาน-บ้าน,ท,ท ทหาร,5,📚,9
EX-5-ท,ทอผ้า,ทอ-ผ้า,ท,ท ทหาร,5,🧵,10
EX-5-ท,ทะ,ทะ,ท,ท ทหาร,5,🗣️,11
EX-5-ท,ทะง,ทะง,ท,ท ทหาร,5,🗣️,12
EX-5-ท,ทะน,ทะน,ท,ท ทหาร,5,🗣️,13
EX-5-ท,ทะม,ทะม,ท,ท ทหาร,5,🗣️,14
EX-5-ท,ทะด,ทะด,ท,ท ทหาร,5,🗣️,15
EX-5-ท,ทะบ,ทะบ,ท,ท ทหาร,5,🗣️,16
EX-5-ท,ทะก,ทะก,ท,ท ทหาร,5,🗣️,17
EX-5-ท,ทา,ทา,ท,ท ทหาร,5,🗣️,18
EX-5-ท,ทาง,ทาง,ท,ท ทหาร,5,🗣️,19
EX-5-ท,ทาน,ทาน,ท,ท ทหาร,5,🗣️,20
EX-6-ท,ทาม,ทาม,ท,ท ทหาร,6,🗣️,1
EX-6-ท,ทาด,ทาด,ท,ท ทหาร,6,🗣️,2
EX-6-ท,ทาบ,ทาบ,ท,ท ทหาร,6,🗣️,3
EX-6-ท,ทาก,ทาก,ท,ท ทหาร,6,🗣️,4
EX-6-ท,ทิ,ทิ,ท,ท ทหาร,6,🗣️,5
EX-6-ท,ทิง,ทิง,ท,ท ทหาร,6,🗣️,6
EX-6-ท,ทิน,ทิน,ท,ท ทหาร,6,🗣️,7
EX-6-ท,ทิม,ทิม,ท,ท ทหาร,6,🗣️,8
EX-6-ท,ทิด,ทิด,ท,ท ทหาร,6,🗣️,9
EX-6-ท,ทิบ,ทิบ,ท,ท ทหาร,6,🗣️,10
EX-6-ท,ทิก,ทิก,ท,ท ทหาร,6,🗣️,11
EX-6-ท,ที,ที,ท,ท ทหาร,6,🗣️,12
EX-6-ท,ทีง,ทีง,ท,ท ทหาร,6,🗣️,13
EX-6-ท,ทีน,ทีน,ท,ท ทหาร,6,🗣️,14
EX-6-ท,ทีม,ทีม,ท,ท ทหาร,6,🗣️,15
EX-6-ท,ทีด,ทีด,ท,ท ทหาร,6,🗣️,16
EX-6-ท,ทีบ,ทีบ,ท,ท ทหาร,6,🗣️,17
EX-6-ท,ทีก,ทีก,ท,ท ทหาร,6,🗣️,18
EX-6-ท,ทึ,ทึ,ท,ท ทหาร,6,🗣️,19
EX-6-ท,ทึง,ทึง,ท,ท ทหาร,6,🗣️,20
EX-7-ท,ทึน,ทึน,ท,ท ทหาร,7,🗣️,1
EX-7-ท,ทึม,ทึม,ท,ท ทหาร,7,🗣️,2
EX-7-ท,ทึด,ทึด,ท,ท ทหาร,7,🗣️,3
EX-7-ท,ทึบ,ทึบ,ท,ท ทหาร,7,🗣️,4
EX-7-ท,ทึก,ทึก,ท,ท ทหาร,7,🗣️,5
EX-7-ท,ทื,ทื,ท,ท ทหาร,7,🗣️,6
EX-7-ท,ทืง,ทืง,ท,ท ทหาร,7,🗣️,7
EX-7-ท,ทืน,ทืน,ท,ท ทหาร,7,🗣️,8
EX-7-ท,ทืม,ทืม,ท,ท ทหาร,7,🗣️,9
EX-7-ท,ทืด,ทืด,ท,ท ทหาร,7,🗣️,10
EX-7-ท,ทืบ,ทืบ,ท,ท ทหาร,7,🗣️,11
EX-7-ท,ทืก,ทืก,ท,ท ทหาร,7,🗣️,12
EX-7-ท,ทุ,ทุ,ท,ท ทหาร,7,🗣️,13
EX-7-ท,ทุง,ทุง,ท,ท ทหาร,7,🗣️,14
EX-7-ท,ทุน,ทุน,ท,ท ทหาร,7,🗣️,15
EX-7-ท,ทุม,ทุม,ท,ท ทหาร,7,🗣️,16
EX-7-ท,ทุด,ทุด,ท,ท ทหาร,7,🗣️,17
EX-7-ท,ทุบ,ทุบ,ท,ท ทหาร,7,🗣️,18
EX-7-ท,ทุก,ทุก,ท,ท ทหาร,7,🗣️,19
EX-7-ท,ทู,ทู,ท,ท ทหาร,7,🗣️,20
EX-4-น,หนู,หฺนู,น,น หนู,4,🐭,1
EX-4-น,นก,นก,น,น หนู,4,🐦,2
EX-4-น,น้ำ,น้ำ,น,น หนู,4,💧,3
EX-4-น,นม,นม,น,น หนู,4,🥛,4
EX-4-น,นอน,นอน,น,น หนู,4,😴,5
EX-4-น,นาฬิกา,นา-ลิ-กา,น,น หนู,4,⏰,6
EX-4-น,นิ้ว,นิ้ว,น,น หนู,4,👆,7
EX-4-น,น้ำแข็ง,น้ำ-แข็ง,น,น หนู,4,🧊,8
EX-4-น,นา,นา,น,น หนู,4,🌾,9
EX-4-น,นั่ง,นั่ง,น,น หนู,4,🪑,10
EX-4-น,นกแก้ว,นก-แก้ว,น,น หนู,4,🦜,11
EX-4-น,น้ำตาล,น้ำ-ตาน,น,น หนู,4,🍬,12
EX-4-น,นางฟ้า,นาง-ฟ้า,น,น หนู,4,🧚,13
EX-4-น,นกฮูก,นก-ฮูก,น,น หนู,4,🦉,14
EX-4-น,น้ำผึ้ง,น้ำ-ผึ้ง,น,น หนู,4,🍯,15
EX-4-น,นกพิราบ,นก-พิ-ราบ,น,น หนู,4,🕊️,16
EX-4-น,น้ำส้ม,น้ำ-ส้ม,น,น หนู,4,🍊,17
EX-4-น,นาฬิกาปลุก,นา-ลิ-กา-ปฺลุก,น,น หนู,4,⏰,18
EX-4-น,น้ำเต้าหู้,น้ำ-เต้า-หู้,น,น หนู,4,🥛,19
EX-4-น,นกยูง,นก-ยูง,น,น หนู,4,🦚,20
EX-5-น,นกเป็ด,นก-เป็ด,น,น หนู,5,🦆,1
EX-5-น,นกกระจอก,นก-กระ-จอก,น,น หนู,5,🐦,2
EX-5-น,นาวา,นา-วา,น,น หนู,5,⛵,3
EX-5-น,น้ำพุ,น้ำ-พุ,น,น หนู,5,⛲,4
EX-5-น,นมเปรี้ยว,นม-เปฺรี้ยว,น,น หนู,5,🥛,5
EX-5-น,นั่งรถ,นั่ง-รด,น,น หนู,5,🚗,6
EX-5-น,นวดแป้ง,นวด-แป้ง,น,น หนู,5,🍞,7
EX-5-น,น้ำมัน,น้ำ-มัน,น,น หนู,5,🛢️,8
EX-5-น,นกนางนวล,นก-นาง-นวน,น,น หนู,5,🕊️,9
EX-5-น,นับเลข,นับ-เลข,น,น หนู,5,🔢,10
EX-5-น,นะ,นะ,น,น หนู,5,🗣️,11
EX-5-น,นะง,นะง,น,น หนู,5,🗣️,12
EX-5-น,นะน,นะน,น,น หนู,5,🗣️,13
EX-5-น,นะม,นะม,น,น หนู,5,🗣️,14
EX-5-น,นะด,นะด,น,น หนู,5,🗣️,15
EX-5-น,นะบ,นะบ,น,น หนู,5,🗣️,16
EX-5-น,นะก,นะก,น,น หนู,5,🗣️,17
EX-5-น,นา,นา,น,น หนู,5,🗣️,18
EX-5-น,นาง,นาง,น,น หนู,5,🗣️,19
EX-5-น,นาน,นาน,น,น หนู,5,🗣️,20
EX-6-น,นาม,นาม,น,น หนู,6,🗣️,1
EX-6-น,นาด,นาด,น,น หนู,6,🗣️,2
EX-6-น,นาบ,นาบ,น,น หนู,6,🗣️,3
EX-6-น,นาก,นาก,น,น หนู,6,🗣️,4
EX-6-น,นิ,นิ,น,น หนู,6,🗣️,5
EX-6-น,นิง,นิง,น,น หนู,6,🗣️,6
EX-6-น,นิน,นิน,น,น หนู,6,🗣️,7
EX-6-น,นิม,นิม,น,น หนู,6,🗣️,8
EX-6-น,นิด,นิด,น,น หนู,6,🗣️,9
EX-6-น,นิบ,นิบ,น,น หนู,6,🗣️,10
EX-6-น,นิก,นิก,น,น หนู,6,🗣️,11
EX-6-น,นี,นี,น,น หนู,6,🗣️,12
EX-6-น,นีง,นีง,น,น หนู,6,🗣️,13
EX-6-น,นีน,นีน,น,น หนู,6,🗣️,14
EX-6-น,นีม,นีม,น,น หนู,6,🗣️,15
EX-6-น,นีด,นีด,น,น หนู,6,🗣️,16
EX-6-น,นีบ,นีบ,น,น หนู,6,🗣️,17
EX-6-น,นีก,นีก,น,น หนู,6,🗣️,18
EX-6-น,นึ,นึ,น,น หนู,6,🗣️,19
EX-6-น,นึง,นึง,น,น หนู,6,🗣️,20
EX-7-น,นึน,นึน,น,น หนู,7,🗣️,1
EX-7-น,นึม,นึม,น,น หนู,7,🗣️,2
EX-7-น,นึด,นึด,น,น หนู,7,🗣️,3
EX-7-น,นึบ,นึบ,น,น หนู,7,🗣️,4
EX-7-น,นึก,นึก,น,น หนู,7,🗣️,5
EX-7-น,นื,นื,น,น หนู,7,🗣️,6
EX-7-น,นืง,นืง,น,น หนู,7,🗣️,7
EX-7-น,นืน,นืน,น,น หนู,7,🗣️,8
EX-7-น,นืม,นืม,น,น หนู,7,🗣️,9
EX-7-น,นืด,นืด,น,น หนู,7,🗣️,10
EX-7-น,นืบ,นืบ,น,น หนู,7,🗣️,11
EX-7-น,นืก,นืก,น,น หนู,7,🗣️,12
EX-7-น,นุ,นุ,น,น หนู,7,🗣️,13
EX-7-น,นุง,นุง,น,น หนู,7,🗣️,14
EX-7-น,นุน,นุน,น,น หนู,7,🗣️,15
EX-7-น,นุม,นุม,น,น หนู,7,🗣️,16
EX-7-น,นุด,นุด,น,น หนู,7,🗣️,17
EX-7-น,นุบ,นุบ,น,น หนู,7,🗣️,18
EX-7-น,นุก,นุก,น,น หนู,7,🗣️,19
EX-7-น,นู,นู,น,น หนู,7,🗣️,20
EX-4-บ,ใบไม้,ใบ-ไม้,บ,บ ใบไม้,4,🍃,1
EX-4-บ,บ้าน,บ้าน,บ,บ ใบไม้,4,🏠,2
EX-4-บ,บอล,บอน,บ,บ ใบไม้,4,⚽,3
EX-4-บ,บัว,บัว,บ,บ ใบไม้,4,🪷,4
EX-4-บ,บิน,บิน,บ,บ ใบไม้,4,✈️,5
EX-4-บ,บันได,บัน-ได,บ,บ ใบไม้,4,🪜,6
EX-4-บ,บัตร,บัด,บ,บ ใบไม้,4,💳,7
EX-4-บ,บ่อ,บ่อ,บ,บ ใบไม้,4,🕳️,8
EX-4-บ,บีบ,บีบ,บ,บ ใบไม้,4,🤏,9
EX-4-บ,บะหมี่,บะ-หฺมี่,บ,บ ใบไม้,4,🍜,10
EX-4-บ,บานเย็น,บาน-เย็น,บ,บ ใบไม้,4,🌺,11
EX-4-บ,บัวลอย,บัว-ลอย,บ,บ ใบไม้,4,🍡,12
EX-4-บ,บูม,บูม,บ,บ ใบไม้,4,💥,13
EX-4-บ,บุหรี่,บุ-หฺรี่,บ,บ ใบไม้,4,🚭,14
EX-4-บ,เบาะ,เบาะ,บ,บ ใบไม้,4,🛋️,15
EX-4-บ,บ้านนก,บ้าน-นก,บ,บ ใบไม้,4,🐦,16
EX-4-บ,บันไดเลื่อน,บัน-ได-เลื่อน,บ,บ ใบไม้,4,🛗,17
EX-4-บ,บอลลูน,บอน-ลูน,บ,บ ใบไม้,4,🎈,18
EX-4-บ,บะหมี่กึ่งสำเร็จรูป,บะ-หฺมี่-กึ่ง-สำ-เหฺร็ด-รูบ,บ,บ ใบไม้,4,🍜,19
EX-4-บ,เบ็ดตกปลา,เบ็ด-ตก-ปลา,บ,บ ใบไม้,4,🎣,20
EX-5-บ,บ่อปลา,บ่อ-ปลา,บ,บ ใบไม้,5,🐟,1
EX-5-บ,บัวรดน้ำ,บัว-รด-น้ำ,บ,บ ใบไม้,5,🚿,2
EX-5-บ,บีบแตร,บีบ-แตฺร,บ,บ ใบไม้,5,📯,3
EX-5-บ,บันทึก,บัน-ทึก,บ,บ ใบไม้,5,📔,4
EX-5-บ,บวก,บวก,บ,บ ใบไม้,5,➕,5
EX-5-บ,บากบั่น,บาก-บั่น,บ,บ ใบไม้,5,💪,6
EX-5-บ,บ้านสวน,บ้าน-สวน,บ,บ ใบไม้,5,🏡,7
EX-5-บ,บัตรอวยพร,บัด-อวย-พอน,บ,บ ใบไม้,5,💌,8
EX-5-บ,บุ้งกี๋,บุ้ง-กี๋,บ,บ ใบไม้,5,🪣,9
EX-5-บ,เบียดเสียด,เบียด-เสียด,บ,บ ใบไม้,5,👥,10
EX-5-บ,บะ,บะ,บ,บ ใบไม้,5,🗣️,11
EX-5-บ,บะง,บะง,บ,บ ใบไม้,5,🗣️,12
EX-5-บ,บะน,บะน,บ,บ ใบไม้,5,🗣️,13
EX-5-บ,บะม,บะม,บ,บ ใบไม้,5,🗣️,14
EX-5-บ,บะด,บะด,บ,บ ใบไม้,5,🗣️,15
EX-5-บ,บะบ,บะบ,บ,บ ใบไม้,5,🗣️,16
EX-5-บ,บะก,บะก,บ,บ ใบไม้,5,🗣️,17
EX-5-บ,บา,บา,บ,บ ใบไม้,5,🗣️,18
EX-5-บ,บาง,บาง,บ,บ ใบไม้,5,🗣️,19
EX-5-บ,บาน,บาน,บ,บ ใบไม้,5,🗣️,20
EX-6-บ,บาม,บาม,บ,บ ใบไม้,6,🗣️,1
EX-6-บ,บาด,บาด,บ,บ ใบไม้,6,🗣️,2
EX-6-บ,บาบ,บาบ,บ,บ ใบไม้,6,🗣️,3
EX-6-บ,บาก,บาก,บ,บ ใบไม้,6,🗣️,4
EX-6-บ,บิ,บิ,บ,บ ใบไม้,6,🗣️,5
EX-6-บ,บิง,บิง,บ,บ ใบไม้,6,🗣️,6
EX-6-บ,บิน,บิน,บ,บ ใบไม้,6,🗣️,7
EX-6-บ,บิม,บิม,บ,บ ใบไม้,6,🗣️,8
EX-6-บ,บิด,บิด,บ,บ ใบไม้,6,🗣️,9
EX-6-บ,บิบ,บิบ,บ,บ ใบไม้,6,🗣️,10
EX-6-บ,บิก,บิก,บ,บ ใบไม้,6,🗣️,11
EX-6-บ,บี,บี,บ,บ ใบไม้,6,🗣️,12
EX-6-บ,บีง,บีง,บ,บ ใบไม้,6,🗣️,13
EX-6-บ,บีน,บีน,บ,บ ใบไม้,6,🗣️,14
EX-6-บ,บีม,บีม,บ,บ ใบไม้,6,🗣️,15
EX-6-บ,บีด,บีด,บ,บ ใบไม้,6,🗣️,16
EX-6-บ,บีบ,บีบ,บ,บ ใบไม้,6,🗣️,17
EX-6-บ,บีก,บีก,บ,บ ใบไม้,6,🗣️,18
EX-6-บ,บึ,บึ,บ,บ ใบไม้,6,🗣️,19
EX-6-บ,บึง,บึง,บ,บ ใบไม้,6,🗣️,20
EX-7-บ,บึน,บึน,บ,บ ใบไม้,7,🗣️,1
EX-7-บ,บึม,บึม,บ,บ ใบไม้,7,🗣️,2
EX-7-บ,บึด,บึด,บ,บ ใบไม้,7,🗣️,3
EX-7-บ,บึบ,บึบ,บ,บ ใบไม้,7,🗣️,4
EX-7-บ,บึก,บึก,บ,บ ใบไม้,7,🗣️,5
EX-7-บ,บื,บื,บ,บ ใบไม้,7,🗣️,6
EX-7-บ,บืง,บืง,บ,บ ใบไม้,7,🗣️,7
EX-7-บ,บืน,บืน,บ,บ ใบไม้,7,🗣️,8
EX-7-บ,บืม,บืม,บ,บ ใบไม้,7,🗣️,9
EX-7-บ,บืด,บืด,บ,บ ใบไม้,7,🗣️,10
EX-7-บ,บืบ,บืบ,บ,บ ใบไม้,7,🗣️,11
EX-7-บ,บืก,บืก,บ,บ ใบไม้,7,🗣️,12
EX-7-บ,บุ,บุ,บ,บ ใบไม้,7,🗣️,13
EX-7-บ,บุง,บุง,บ,บ ใบไม้,7,🗣️,14
EX-7-บ,บุน,บุน,บ,บ ใบไม้,7,🗣️,15
EX-7-บ,บุม,บุม,บ,บ ใบไม้,7,🗣️,16
EX-7-บ,บุด,บุด,บ,บ ใบไม้,7,🗣️,17
EX-7-บ,บุบ,บุบ,บ,บ ใบไม้,7,🗣️,18
EX-7-บ,บุก,บุก,บ,บ ใบไม้,7,🗣️,19
EX-7-บ,บู,บู,บ,บ ใบไม้,7,🗣️,20
EX-4-ป,ปลา,ปฺลา,ป,ป ปลา,4,🐟,1
EX-4-ป,ปู,ปู,ป,ป ปลา,4,🦀,2
EX-4-ป,ปาก,ปาก,ป,ป ปลา,4,👄,3
EX-4-ป,ปี,ปี,ป,ป ปลา,4,📅,4
EX-4-ป,ปิด,ปิด,ป,ป ปลา,4,🚪,5
EX-4-ป,ปลาวาฬ,ปฺลา-วาน,ป,ป ปลา,4,🐋,6
EX-4-ป,ประตู,ปฺระ-ตู,ป,ป ปลา,4,🚪,7
EX-4-ป,ปลาทอง,ปฺลา-ทอง,ป,ป ปลา,4,🐠,8
EX-4-ป,ปั๊ม,ปั๊ม,ป,ป ปลา,4,⛽,9
EX-4-ป,ปลวก,ปฺลวก,ป,ป ปลา,4,🐜,10
EX-4-ป,ปากกา,ปาก-กา,ป,ป ปลา,4,🖊️,11
EX-4-ป,ปลาหมึก,ปฺลา-หฺมึก,ป,ป ปลา,4,🦑,12
EX-4-ป,ปั้นจั่น,ปั้น-จั่น,ป,ป ปลา,4,🏗️,13
EX-4-ป,ปลาดาว,ปฺลา-ดาว,ป,ป ปลา,4,⭐,14
EX-4-ป,ปลาฉลาม,ปฺลา-ฉะ-หฺลาม,ป,ป ปลา,4,🦈,15
EX-4-ป,ปีกนก,ปีก-นก,ป,ป ปลา,4,🪶,16
EX-4-ป,ปูเสฉวน,ปู-เส-ฉะ-หฺวน,ป,ป ปลา,4,🦀,17
EX-4-ป,เป็ด,เป็ด,ป,ป ปลา,4,🦆,18
EX-4-ป,ปั่นจักรยาน,ปั่น-จัก-กระ-ยาน,ป,ป ปลา,4,🚲,19
EX-4-ป,ปลาการ์ตูน,ปฺลา-กา-ตูน,ป,ป ปลา,4,🐠,20
EX-5-ป,ประทัด,ปฺระ-ทัด,ป,ป ปลา,5,🧨,1
EX-5-ป,ปูนา,ปู-นา,ป,ป ปลา,5,🦀,2
EX-5-ป,ปั้นดิน,ปั้น-ดิน,ป,ป ปลา,5,🏺,3
EX-5-ป,ปอกผลไม้,ปอก-ผน-ละ-ไม้,ป,ป ปลา,5,🍎,4
EX-5-ป,ปิ้งย่าง,ปิ้ง-ย่าง,ป,ป ปลา,5,🍢,5
EX-5-ป,ปลูกต้นไม้,ปฺลูก-ต้น-ไม้,ป,ป ปลา,5,🌱,6
EX-5-ป,ปาเป้า,ปา-เป้า,ป,ป ปลา,5,🎯,7
EX-5-ป,ปีนเขา,ปีน-เขา,ป,ป ปลา,5,🧗,8
EX-5-ป,ปูพรม,ปู-พฺรม,ป,ป ปลา,5,🧶,9
EX-5-ป,ปรบมือ,ปฺรบ-มือ,ป,ป ปลา,5,👏,10
EX-5-ป,ปะ,ปะ,ป,ป ปลา,5,🗣️,11
EX-5-ป,ปะง,ปะง,ป,ป ปลา,5,🗣️,12
EX-5-ป,ปะน,ปะน,ป,ป ปลา,5,🗣️,13
EX-5-ป,ปะม,ปะม,ป,ป ปลา,5,🗣️,14
EX-5-ป,ปะด,ปะด,ป,ป ปลา,5,🗣️,15
EX-5-ป,ปะบ,ปะบ,ป,ป ปลา,5,🗣️,16
EX-5-ป,ปะก,ปะก,ป,ป ปลา,5,🗣️,17
EX-5-ป,ปา,ปา,ป,ป ปลา,5,🗣️,18
EX-5-ป,ปาง,ปาง,ป,ป ปลา,5,🗣️,19
EX-5-ป,ปาน,ปาน,ป,ป ปลา,5,🗣️,20
EX-6-ป,ปาม,ปาม,ป,ป ปลา,6,🗣️,1
EX-6-ป,ปาด,ปาด,ป,ป ปลา,6,🗣️,2
EX-6-ป,ปาบ,ปาบ,ป,ป ปลา,6,🗣️,3
EX-6-ป,ปาก,ปาก,ป,ป ปลา,6,🗣️,4
EX-6-ป,ปิ,ปิ,ป,ป ปลา,6,🗣️,5
EX-6-ป,ปิง,ปิง,ป,ป ปลา,6,🗣️,6
EX-6-ป,ปิน,ปิน,ป,ป ปลา,6,🗣️,7
EX-6-ป,ปิม,ปิม,ป,ป ปลา,6,🗣️,8
EX-6-ป,ปิด,ปิด,ป,ป ปลา,6,🗣️,9
EX-6-ป,ปิบ,ปิบ,ป,ป ปลา,6,🗣️,10
EX-6-ป,ปิก,ปิก,ป,ป ปลา,6,🗣️,11
EX-6-ป,ปี,ปี,ป,ป ปลา,6,🗣️,12
EX-6-ป,ปีง,ปีง,ป,ป ปลา,6,🗣️,13
EX-6-ป,ปีน,ปีน,ป,ป ปลา,6,🗣️,14
EX-6-ป,ปีม,ปีม,ป,ป ปลา,6,🗣️,15
EX-6-ป,ปีด,ปีด,ป,ป ปลา,6,🗣️,16
EX-6-ป,ปีบ,ปีบ,ป,ป ปลา,6,🗣️,17
EX-6-ป,ปีก,ปีก,ป,ป ปลา,6,🗣️,18
EX-6-ป,ปึ,ปึ,ป,ป ปลา,6,🗣️,19
EX-6-ป,ปึง,ปึง,ป,ป ปลา,6,🗣️,20
EX-7-ป,ปึน,ปึน,ป,ป ปลา,7,🗣️,1
EX-7-ป,ปึม,ปึม,ป,ป ปลา,7,🗣️,2
EX-7-ป,ปึด,ปึด,ป,ป ปลา,7,🗣️,3
EX-7-ป,ปึบ,ปึบ,ป,ป ปลา,7,🗣️,4
EX-7-ป,ปึก,ปึก,ป,ป ปลา,7,🗣️,5
EX-7-ป,ปื,ปื,ป,ป ปลา,7,🗣️,6
EX-7-ป,ปืง,ปืง,ป,ป ปลา,7,🗣️,7
EX-7-ป,ปืน,ปืน,ป,ป ปลา,7,🗣️,8
EX-7-ป,ปืม,ปืม,ป,ป ปลา,7,🗣️,9
EX-7-ป,ปืด,ปืด,ป,ป ปลา,7,🗣️,10
EX-7-ป,ปืบ,ปืบ,ป,ป ปลา,7,🗣️,11
EX-7-ป,ปืก,ปืก,ป,ป ปลา,7,🗣️,12
EX-7-ป,ปุ,ปุ,ป,ป ปลา,7,🗣️,13
EX-7-ป,ปุง,ปุง,ป,ป ปลา,7,🗣️,14
EX-7-ป,ปุน,ปุน,ป,ป ปลา,7,🗣️,15
EX-7-ป,ปุม,ปุม,ป,ป ปลา,7,🗣️,16
EX-7-ป,ปุด,ปุด,ป,ป ปลา,7,🗣️,17
EX-7-ป,ปุบ,ปุบ,ป,ป ปลา,7,🗣️,18
EX-7-ป,ปุก,ปุก,ป,ป ปลา,7,🗣️,19
EX-7-ป,ปู,ปู,ป,ป ปลา,7,🗣️,20
EX-4-ผ,ผึ้ง,ผึ้ง,ผ,ผ ผึ้ง,4,🐝,1
EX-4-ผ,ผม,ผม,ผ,ผ ผึ้ง,4,💇,2
EX-4-ผ,ผ้า,ผ้า,ผ,ผ ผึ้ง,4,🧣,3
EX-4-ผ,ผี,ผี,ผ,ผ ผึ้ง,4,👻,4
EX-4-ผ,ผัด,ผัด,ผ,ผ ผึ้ง,4,🍳,5
EX-4-ผ,ผลไม้,ผน-ละ-ไม้,ผ,ผ ผึ้ง,4,🍓,6
EX-4-ผ,ผีเสื้อ,ผี-เสื้อ,ผ,ผ ผึ้ง,4,🦋,7
EX-4-ผ,ผักบุ้ง,ผัก-บุ้ง,ผ,ผ ผึ้ง,4,🥬,8
EX-4-ผ,ผ้าห่ม,ผ้า-ห่ม,ผ,ผ ผึ้ง,4,🛏️,9
EX-4-ผ,ผ่า,ผ่า,ผ,ผ ผึ้ง,4,🔪,10
EX-4-ผ,ผักกาด,ผัก-กาด,ผ,ผ ผึ้ง,4,🥬,11
EX-4-ผ,ผ้าเช็ดตัว,ผ้า-เช็ด-ตัว,ผ,ผ ผึ้ง,4,🧖,12
EX-4-ผ,ผัดไทย,ผัด-ไทย,ผ,ผ ผึ้ง,4,🍜,13
EX-4-ผ,ผ้าพันคอ,ผ้า-พัน-คอ,ผ,ผ ผึ้ง,4,🧣,14
EX-4-ผ,ผมเปีย,ผม-เปีย,ผ,ผ ผึ้ง,4,👧,15
EX-4-ผ,ผ้าใบ,ผ้า-ใบ,ผ,ผ ผึ้ง,4,⛵,16
EX-4-ผ,ผักชี,ผัก-ชี,ผ,ผ ผึ้ง,4,🌿,17
EX-4-ผ,ผลส้ม,ผน-ส้ม,ผ,ผ ผึ้ง,4,🍊,18
EX-4-ผ,ผ้าอ้อม,ผ้า-อ้อม,ผ,ผ ผึ้ง,4,👶,19
EX-4-ผ,ผ้าม่าน,ผ้า-ม่าน,ผ,ผ ผึ้ง,4,🪟,20
EX-5-ผ,ผะ,ผะ,ผ,ผ ผึ้ง,5,🗣️,1
EX-5-ผ,ผะง,ผะง,ผ,ผ ผึ้ง,5,🗣️,2
EX-5-ผ,ผะน,ผะน,ผ,ผ ผึ้ง,5,🗣️,3
EX-5-ผ,ผะม,ผะม,ผ,ผ ผึ้ง,5,🗣️,4
EX-5-ผ,ผะด,ผะด,ผ,ผ ผึ้ง,5,🗣️,5
EX-5-ผ,ผะบ,ผะบ,ผ,ผ ผึ้ง,5,🗣️,6
EX-5-ผ,ผะก,ผะก,ผ,ผ ผึ้ง,5,🗣️,7
EX-5-ผ,ผา,ผา,ผ,ผ ผึ้ง,5,🗣️,8
EX-5-ผ,ผาง,ผาง,ผ,ผ ผึ้ง,5,🗣️,9
EX-5-ผ,ผาน,ผาน,ผ,ผ ผึ้ง,5,🗣️,10
EX-5-ผ,ผาม,ผาม,ผ,ผ ผึ้ง,5,🗣️,11
EX-5-ผ,ผาด,ผาด,ผ,ผ ผึ้ง,5,🗣️,12
EX-5-ผ,ผาบ,ผาบ,ผ,ผ ผึ้ง,5,🗣️,13
EX-5-ผ,ผาก,ผาก,ผ,ผ ผึ้ง,5,🗣️,14
EX-5-ผ,ผิ,ผิ,ผ,ผ ผึ้ง,5,🗣️,15
EX-5-ผ,ผิง,ผิง,ผ,ผ ผึ้ง,5,🗣️,16
EX-5-ผ,ผิน,ผิน,ผ,ผ ผึ้ง,5,🗣️,17
EX-5-ผ,ผิม,ผิม,ผ,ผ ผึ้ง,5,🗣️,18
EX-5-ผ,ผิด,ผิด,ผ,ผ ผึ้ง,5,🗣️,19
EX-5-ผ,ผิบ,ผิบ,ผ,ผ ผึ้ง,5,🗣️,20
EX-6-ผ,ผิก,ผิก,ผ,ผ ผึ้ง,6,🗣️,1
EX-6-ผ,ผี,ผี,ผ,ผ ผึ้ง,6,🗣️,2
EX-6-ผ,ผีง,ผีง,ผ,ผ ผึ้ง,6,🗣️,3
EX-6-ผ,ผีน,ผีน,ผ,ผ ผึ้ง,6,🗣️,4
EX-6-ผ,ผีม,ผีม,ผ,ผ ผึ้ง,6,🗣️,5
EX-6-ผ,ผีด,ผีด,ผ,ผ ผึ้ง,6,🗣️,6
EX-6-ผ,ผีบ,ผีบ,ผ,ผ ผึ้ง,6,🗣️,7
EX-6-ผ,ผีก,ผีก,ผ,ผ ผึ้ง,6,🗣️,8
EX-6-ผ,ผึ,ผึ,ผ,ผ ผึ้ง,6,🗣️,9
EX-6-ผ,ผึง,ผึง,ผ,ผ ผึ้ง,6,🗣️,10
EX-6-ผ,ผึน,ผึน,ผ,ผ ผึ้ง,6,🗣️,11
EX-6-ผ,ผึม,ผึม,ผ,ผ ผึ้ง,6,🗣️,12
EX-6-ผ,ผึด,ผึด,ผ,ผ ผึ้ง,6,🗣️,13
EX-6-ผ,ผึบ,ผึบ,ผ,ผ ผึ้ง,6,🗣️,14
EX-6-ผ,ผึก,ผึก,ผ,ผ ผึ้ง,6,🗣️,15
EX-6-ผ,ผื,ผื,ผ,ผ ผึ้ง,6,🗣️,16
EX-6-ผ,ผืง,ผืง,ผ,ผ ผึ้ง,6,🗣️,17
EX-6-ผ,ผืน,ผืน,ผ,ผ ผึ้ง,6,🗣️,18
EX-6-ผ,ผืม,ผืม,ผ,ผ ผึ้ง,6,🗣️,19
EX-6-ผ,ผืด,ผืด,ผ,ผ ผึ้ง,6,🗣️,20
EX-7-ผ,ผืบ,ผืบ,ผ,ผ ผึ้ง,7,🗣️,1
EX-7-ผ,ผืก,ผืก,ผ,ผ ผึ้ง,7,🗣️,2
EX-7-ผ,ผุ,ผุ,ผ,ผ ผึ้ง,7,🗣️,3
EX-7-ผ,ผุง,ผุง,ผ,ผ ผึ้ง,7,🗣️,4
EX-7-ผ,ผุน,ผุน,ผ,ผ ผึ้ง,7,🗣️,5
EX-7-ผ,ผุม,ผุม,ผ,ผ ผึ้ง,7,🗣️,6
EX-7-ผ,ผุด,ผุด,ผ,ผ ผึ้ง,7,🗣️,7
EX-7-ผ,ผุบ,ผุบ,ผ,ผ ผึ้ง,7,🗣️,8
EX-7-ผ,ผุก,ผุก,ผ,ผ ผึ้ง,7,🗣️,9
EX-7-ผ,ผู,ผู,ผ,ผ ผึ้ง,7,🗣️,10
EX-7-ผ,ผูง,ผูง,ผ,ผ ผึ้ง,7,🗣️,11
EX-7-ผ,ผูน,ผูน,ผ,ผ ผึ้ง,7,🗣️,12
EX-7-ผ,ผูม,ผูม,ผ,ผ ผึ้ง,7,🗣️,13
EX-7-ผ,ผูด,ผูด,ผ,ผ ผึ้ง,7,🗣️,14
EX-7-ผ,ผูบ,ผูบ,ผ,ผ ผึ้ง,7,🗣️,15
EX-7-ผ,ผูก,ผูก,ผ,ผ ผึ้ง,7,🗣️,16
EX-7-ผ,เผ,เผ,ผ,ผ ผึ้ง,7,🗣️,17
EX-7-ผ,เผง,เผง,ผ,ผ ผึ้ง,7,🗣️,18
EX-7-ผ,เผน,เผน,ผ,ผ ผึ้ง,7,🗣️,19
EX-7-ผ,เผม,เผม,ผ,ผ ผึ้ง,7,🗣️,20
EX-4-พ,พาน,พาน,พ,พ พาน,4,🪔,1
EX-4-พ,พ่อ,พ่อ,พ,พ พาน,4,👨,2
EX-4-พ,พัด,พัด,พ,พ พาน,4,🌀,3
EX-4-พ,พระ,พฺระ,พ,พ พาน,4,🧘,4
EX-4-พ,พริก,พฺริก,พ,พ พาน,4,🌶️,5
EX-4-พ,พระอาทิตย์,พฺระ-อา-ทิด,พ,พ พาน,4,☀️,6
EX-4-พ,พระจันทร์,พฺระ-จัน,พ,พ พาน,4,🌙,7
EX-4-พ,พริกไทย,พฺริก-ไทย,พ,พ พาน,4,🌶️,8
EX-4-พ,พัดลม,พัด-ลม,พ,พ พาน,4,💨,9
EX-4-พ,พาย,พาย,พ,พ พาน,4,🛶,10
EX-4-พ,พวงมาลัย,พวง-มา-ลัย,พ,พ พาน,4,💐,11
EX-4-พ,พิซซ่า,พิด-ซ่า,พ,พ พาน,4,🍕,12
EX-4-พ,พีระมิด,พี-ระ-มิด,พ,พ พาน,4,🔺,13
EX-4-พ,พลุ,พฺลุ,พ,พ พาน,4,🎆,14
EX-4-พ,พุดดิ้ง,พุด-ดิ้ง,พ,พ พาน,4,🍮,15
EX-4-พ,พริกหวาน,พฺริก-หฺวาน,พ,พ พาน,4,🫑,16
EX-4-พ,พรม,พฺรม,พ,พ พาน,4,🧶,17
EX-4-พ,พี่สาว,พี่-สาว,พ,พ พาน,4,👩,18
EX-4-พ,พี่ชาย,พี่-ชาย,พ,พ พาน,4,👦,19
EX-4-พ,พาเหรด,พา-เหฺรด,พ,พ พาน,4,🎏,20
EX-5-พ,พลู,พฺลู,พ,พ พาน,5,🍃,1
EX-5-พ,พุงพลุ้ย,พุง-พฺลุ้ย,พ,พ พาน,5,🫃,2
EX-5-พ,พายเรือ,พาย-เรือ,พ,พ พาน,5,🚣,3
EX-5-พ,พวงกุญแจ,พวง-กุน-แจ,พ,พ พาน,5,🔑,4
EX-5-พ,พักผ่อน,พัก-ผ่อน,พ,พ พาน,5,🛌,5
EX-5-พ,พะ,พะ,พ,พ พาน,5,🗣️,6
EX-5-พ,พะง,พะง,พ,พ พาน,5,🗣️,7
EX-5-พ,พะน,พะน,พ,พ พาน,5,🗣️,8
EX-5-พ,พะม,พะม,พ,พ พาน,5,🗣️,9
EX-5-พ,พะด,พะด,พ,พ พาน,5,🗣️,10
EX-5-พ,พะบ,พะบ,พ,พ พาน,5,🗣️,11
EX-5-พ,พะก,พะก,พ,พ พาน,5,🗣️,12
EX-5-พ,พา,พา,พ,พ พาน,5,🗣️,13
EX-5-พ,พาง,พาง,พ,พ พาน,5,🗣️,14
EX-5-พ,พาน,พาน,พ,พ พาน,5,🗣️,15
EX-5-พ,พาม,พาม,พ,พ พาน,5,🗣️,16
EX-5-พ,พาด,พาด,พ,พ พาน,5,🗣️,17
EX-5-พ,พาบ,พาบ,พ,พ พาน,5,🗣️,18
EX-5-พ,พาก,พาก,พ,พ พาน,5,🗣️,19
EX-5-พ,พิ,พิ,พ,พ พาน,5,🗣️,20
EX-6-พ,พิง,พิง,พ,พ พาน,6,🗣️,1
EX-6-พ,พิน,พิน,พ,พ พาน,6,🗣️,2
EX-6-พ,พิม,พิม,พ,พ พาน,6,🗣️,3
EX-6-พ,พิด,พิด,พ,พ พาน,6,🗣️,4
EX-6-พ,พิบ,พิบ,พ,พ พาน,6,🗣️,5
EX-6-พ,พิก,พิก,พ,พ พาน,6,🗣️,6
EX-6-พ,พี,พี,พ,พ พาน,6,🗣️,7
EX-6-พ,พีง,พีง,พ,พ พาน,6,🗣️,8
EX-6-พ,พีน,พีน,พ,พ พาน,6,🗣️,9
EX-6-พ,พีม,พีม,พ,พ พาน,6,🗣️,10
EX-6-พ,พีด,พีด,พ,พ พาน,6,🗣️,11
EX-6-พ,พีบ,พีบ,พ,พ พาน,6,🗣️,12
EX-6-พ,พีก,พีก,พ,พ พาน,6,🗣️,13
EX-6-พ,พึ,พึ,พ,พ พาน,6,🗣️,14
EX-6-พ,พึง,พึง,พ,พ พาน,6,🗣️,15
EX-6-พ,พึน,พึน,พ,พ พาน,6,🗣️,16
EX-6-พ,พึม,พึม,พ,พ พาน,6,🗣️,17
EX-6-พ,พึด,พึด,พ,พ พาน,6,🗣️,18
EX-6-พ,พึบ,พึบ,พ,พ พาน,6,🗣️,19
EX-6-พ,พึก,พึก,พ,พ พาน,6,🗣️,20
EX-7-พ,พื,พื,พ,พ พาน,7,🗣️,1
EX-7-พ,พืง,พืง,พ,พ พาน,7,🗣️,2
EX-7-พ,พืน,พืน,พ,พ พาน,7,🗣️,3
EX-7-พ,พืม,พืม,พ,พ พาน,7,🗣️,4
EX-7-พ,พืด,พืด,พ,พ พาน,7,🗣️,5
EX-7-พ,พืบ,พืบ,พ,พ พาน,7,🗣️,6
EX-7-พ,พืก,พืก,พ,พ พาน,7,🗣️,7
EX-7-พ,พุ,พุ,พ,พ พาน,7,🗣️,8
EX-7-พ,พุง,พุง,พ,พ พาน,7,🗣️,9
EX-7-พ,พุน,พุน,พ,พ พาน,7,🗣️,10
EX-7-พ,พุม,พุม,พ,พ พาน,7,🗣️,11
EX-7-พ,พุด,พุด,พ,พ พาน,7,🗣️,12
EX-7-พ,พุบ,พุบ,พ,พ พาน,7,🗣️,13
EX-7-พ,พุก,พุก,พ,พ พาน,7,🗣️,14
EX-7-พ,พู,พู,พ,พ พาน,7,🗣️,15
EX-7-พ,พูง,พูง,พ,พ พาน,7,🗣️,16
EX-7-พ,พูน,พูน,พ,พ พาน,7,🗣️,17
EX-7-พ,พูม,พูม,พ,พ พาน,7,🗣️,18
EX-7-พ,พูด,พูด,พ,พ พาน,7,🗣️,19
EX-7-พ,พูบ,พูบ,พ,พ พาน,7,🗣️,20
EX-4-ม,ม้า,ม้า,ม,ม ม้า,4,🐴,1
EX-4-ม,มือ,มือ,ม,ม ม้า,4,✋,2
EX-4-ม,มด,มด,ม,ม ม้า,4,🐜,3
EX-4-ม,แมว,แมว,ม,ม ม้า,4,🐱,4
EX-4-ม,มี,มี,ม,ม ม้า,4,✅,5
EX-4-ม,มะม่วง,มะ-ม่วง,ม,ม ม้า,4,🥭,6
EX-4-ม,หมู,หฺมู,ม,ม ม้า,4,🐷,7
EX-4-ม,มงกุฎ,มง-กุด,ม,ม ม้า,4,👑,8
EX-4-ม,มะนาว,มะ-นาว,ม,ม ม้า,4,🍋,9
EX-4-ม,ม้าน้ำ,ม้า-น้ำ,ม,ม ม้า,4,🦄,10
EX-4-ม,มะพร้าว,มะ-พฺร้าว,ม,ม ม้า,4,🥥,11
EX-4-ม,มะเขือ,มะ-เขือ,ม,ม ม้า,4,🍆,12
EX-4-ม,แมงมุม,แมง-มุม,ม,ม ม้า,4,🕷️,13
EX-4-ม,มันฝรั่ง,มัน-ฝะ-หฺรั่ง,ม,ม ม้า,4,🥔,14
EX-4-ม,มะละกอ,มะ-ละ-กอ,ม,ม ม้า,4,🫐,15
EX-4-ม,มังคุด,มัง-คุด,ม,ม ม้า,4,🟣,16
EX-4-ม,มงกุฎเพชร,มง-กุด-เพ็ด,ม,ม ม้า,4,👑,17
EX-4-ม,มะเขือเทศ,มะ-เขือ-เทด,ม,ม ม้า,4,🍅,18
EX-4-ม,มอเตอร์ไซค์,มอ-เต้อ-ไซ,ม,ม ม้า,4,🏍️,19
EX-4-ม,มดแดง,มด-แดง,ม,ม ม้า,4,🐜,20
EX-5-ม,มุ้ง,มุ้ง,ม,ม ม้า,5,🛏️,1
EX-5-ม,ม้าโยก,ม้า-โยก,ม,ม ม้า,5,🎠,2
EX-5-ม,มะกรูด,มะ-กฺรูด,ม,ม ม้า,5,🍈,3
EX-5-ม,มืดมิด,มืด-มิด,ม,ม ม้า,5,🌑,4
EX-5-ม,มันเทศ,มัน-เทด,ม,ม ม้า,5,🍠,5
EX-5-ม,มอบของ,มอบ-ของ,ม,ม ม้า,5,🎁,6
EX-5-ม,มะเฟือง,มะ-เฟือง,ม,ม ม้า,5,⭐,7
EX-5-ม,มาลัย,มา-ลัย,ม,ม ม้า,5,💐,8
EX-5-ม,มวยไทย,มวย-ไทย,ม,ม ม้า,5,🥊,9
EX-5-ม,มุก,มุก,ม,ม ม้า,5,🦪,10
EX-5-ม,มะ,มะ,ม,ม ม้า,5,🗣️,11
EX-5-ม,มะง,มะง,ม,ม ม้า,5,🗣️,12
EX-5-ม,มะน,มะน,ม,ม ม้า,5,🗣️,13
EX-5-ม,มะม,มะม,ม,ม ม้า,5,🗣️,14
EX-5-ม,มะด,มะด,ม,ม ม้า,5,🗣️,15
EX-5-ม,มะบ,มะบ,ม,ม ม้า,5,🗣️,16
EX-5-ม,มะก,มะก,ม,ม ม้า,5,🗣️,17
EX-5-ม,มา,มา,ม,ม ม้า,5,🗣️,18
EX-5-ม,มาง,มาง,ม,ม ม้า,5,🗣️,19
EX-5-ม,มาน,มาน,ม,ม ม้า,5,🗣️,20
EX-6-ม,มาม,มาม,ม,ม ม้า,6,🗣️,1
EX-6-ม,มาด,มาด,ม,ม ม้า,6,🗣️,2
EX-6-ม,มาบ,มาบ,ม,ม ม้า,6,🗣️,3
EX-6-ม,มาก,มาก,ม,ม ม้า,6,🗣️,4
EX-6-ม,มิ,มิ,ม,ม ม้า,6,🗣️,5
EX-6-ม,มิง,มิง,ม,ม ม้า,6,🗣️,6
EX-6-ม,มิน,มิน,ม,ม ม้า,6,🗣️,7
EX-6-ม,มิม,มิม,ม,ม ม้า,6,🗣️,8
EX-6-ม,มิด,มิด,ม,ม ม้า,6,🗣️,9
EX-6-ม,มิบ,มิบ,ม,ม ม้า,6,🗣️,10
EX-6-ม,มิก,มิก,ม,ม ม้า,6,🗣️,11
EX-6-ม,มี,มี,ม,ม ม้า,6,🗣️,12
EX-6-ม,มีง,มีง,ม,ม ม้า,6,🗣️,13
EX-6-ม,มีน,มีน,ม,ม ม้า,6,🗣️,14
EX-6-ม,มีม,มีม,ม,ม ม้า,6,🗣️,15
EX-6-ม,มีด,มีด,ม,ม ม้า,6,🗣️,16
EX-6-ม,มีบ,มีบ,ม,ม ม้า,6,🗣️,17
EX-6-ม,มีก,มีก,ม,ม ม้า,6,🗣️,18
EX-6-ม,มึ,มึ,ม,ม ม้า,6,🗣️,19
EX-6-ม,มึง,มึง,ม,ม ม้า,6,🗣️,20
EX-7-ม,มึน,มึน,ม,ม ม้า,7,🗣️,1
EX-7-ม,มึม,มึม,ม,ม ม้า,7,🗣️,2
EX-7-ม,มึด,มึด,ม,ม ม้า,7,🗣️,3
EX-7-ม,มึบ,มึบ,ม,ม ม้า,7,🗣️,4
EX-7-ม,มึก,มึก,ม,ม ม้า,7,🗣️,5
EX-7-ม,มื,มื,ม,ม ม้า,7,🗣️,6
EX-7-ม,มืง,มืง,ม,ม ม้า,7,🗣️,7
EX-7-ม,มืน,มืน,ม,ม ม้า,7,🗣️,8
EX-7-ม,มืม,มืม,ม,ม ม้า,7,🗣️,9
EX-7-ม,มืด,มืด,ม,ม ม้า,7,🗣️,10
EX-7-ม,มืบ,มืบ,ม,ม ม้า,7,🗣️,11
EX-7-ม,มืก,มืก,ม,ม ม้า,7,🗣️,12
EX-7-ม,มุ,มุ,ม,ม ม้า,7,🗣️,13
EX-7-ม,มุง,มุง,ม,ม ม้า,7,🗣️,14
EX-7-ม,มุน,มุน,ม,ม ม้า,7,🗣️,15
EX-7-ม,มุม,มุม,ม,ม ม้า,7,🗣️,16
EX-7-ม,มุด,มุด,ม,ม ม้า,7,🗣️,17
EX-7-ม,มุบ,มุบ,ม,ม ม้า,7,🗣️,18
EX-7-ม,มุก,มุก,ม,ม ม้า,7,🗣️,19
EX-7-ม,มู,มู,ม,ม ม้า,7,🗣️,20
EX-4-ย,ยักษ์,ยัก,ย,ย ยักษ์,4,👹,1
EX-4-ย,ยา,ยา,ย,ย ยักษ์,4,💊,2
EX-4-ย,ยิ้ม,ยิ้ม,ย,ย ยักษ์,4,😊,3
EX-4-ย,ยุง,ยุง,ย,ย ยักษ์,4,🦟,4
EX-4-ย,ยืน,ยืน,ย,ย ยักษ์,4,🧍,5
EX-4-ย,ยีราฟ,ยี-ราบ,ย,ย ยักษ์,4,🦒,6
EX-4-ย,ยาง,ยาง,ย,ย ยักษ์,4,🛞,7
EX-4-ย,ยายา,ยา-ยา,ย,ย ยักษ์,4,💊,8
EX-4-ย,ยอด,ยอด,ย,ย ยักษ์,4,🌱,9
EX-4-ย,ย่าง,ย่าง,ย,ย ยักษ์,4,🍢,10
EX-4-ย,ยาสีฟัน,ยา-สี-ฟัน,ย,ย ยักษ์,4,🪥,11
EX-4-ย,ยานอวกาศ,ยาน-อะ-วะ-กาด,ย,ย ยักษ์,4,🚀,12
EX-4-ย,ยกน้ำหนัก,ยก-น้ำ-หฺนัก,ย,ย ยักษ์,4,🏋️,13
EX-4-ย,ยางลบ,ยาง-ลบ,ย,ย ยักษ์,4,🧽,14
EX-4-ย,ยำ,ยำ,ย,ย ยักษ์,4,🥗,15
EX-4-ย,ยอดเขา,ยอด-เขา,ย,ย ยักษ์,4,🏔️,16
EX-4-ย,ยิงธนู,ยิง-ทะ-นู,ย,ย ยักษ์,4,🏹,17
EX-4-ย,ยุ้งข้าว,ยุ้ง-ข้าว,ย,ย ยักษ์,4,🌾,18
EX-4-ย,ยกของ,ยก-ของ,ย,ย ยักษ์,4,📦,19
EX-4-ย,ยายแก่,ยาย-แก่,ย,ย ยักษ์,4,👵,20
EX-5-ย,ยิ้มหวาน,ยิ้ม-หฺวาน,ย,ย ยักษ์,5,😄,1
EX-5-ย,ยกมือ,ยก-มือ,ย,ย ยักษ์,5,🙋,2
EX-5-ย,ยอยอ,ยอ-ยอ,ย,ย ยักษ์,5,🪀,3
EX-5-ย,ยุงลาย,ยุง-ลาย,ย,ย ยักษ์,5,🦟,4
EX-5-ย,ยาดม,ยา-ดม,ย,ย ยักษ์,5,💨,5
EX-5-ย,ยกเลิก,ยก-เลิก,ย,ย ยักษ์,5,❌,6
EX-5-ย,ยอมแพ้,ยอม-แพ้,ย,ย ยักษ์,5,🏳️,7
EX-5-ย,ยุ่งเหยิง,ยุ่ง-เหฺยิง,ย,ย ยักษ์,5,🌀,8
EX-5-ย,ยืนตรง,ยืน-ตฺรง,ย,ย ยักษ์,5,🧍,9
EX-5-ย,ยิ้มแย้ม,ยิ้ม-แย้ม,ย,ย ยักษ์,5,😁,10
EX-5-ย,ยะ,ยะ,ย,ย ยักษ์,5,🗣️,11
EX-5-ย,ยะง,ยะง,ย,ย ยักษ์,5,🗣️,12
EX-5-ย,ยะน,ยะน,ย,ย ยักษ์,5,🗣️,13
EX-5-ย,ยะม,ยะม,ย,ย ยักษ์,5,🗣️,14
EX-5-ย,ยะด,ยะด,ย,ย ยักษ์,5,🗣️,15
EX-5-ย,ยะบ,ยะบ,ย,ย ยักษ์,5,🗣️,16
EX-5-ย,ยะก,ยะก,ย,ย ยักษ์,5,🗣️,17
EX-5-ย,ยา,ยา,ย,ย ยักษ์,5,🗣️,18
EX-5-ย,ยาง,ยาง,ย,ย ยักษ์,5,🗣️,19
EX-5-ย,ยาน,ยาน,ย,ย ยักษ์,5,🗣️,20
EX-6-ย,ยาม,ยาม,ย,ย ยักษ์,6,🗣️,1
EX-6-ย,ยาด,ยาด,ย,ย ยักษ์,6,🗣️,2
EX-6-ย,ยาบ,ยาบ,ย,ย ยักษ์,6,🗣️,3
EX-6-ย,ยาก,ยาก,ย,ย ยักษ์,6,🗣️,4
EX-6-ย,ยิ,ยิ,ย,ย ยักษ์,6,🗣️,5
EX-6-ย,ยิง,ยิง,ย,ย ยักษ์,6,🗣️,6
EX-6-ย,ยิน,ยิน,ย,ย ยักษ์,6,🗣️,7
EX-6-ย,ยิม,ยิม,ย,ย ยักษ์,6,🗣️,8
EX-6-ย,ยิด,ยิด,ย,ย ยักษ์,6,🗣️,9
EX-6-ย,ยิบ,ยิบ,ย,ย ยักษ์,6,🗣️,10
EX-6-ย,ยิก,ยิก,ย,ย ยักษ์,6,🗣️,11
EX-6-ย,ยี,ยี,ย,ย ยักษ์,6,🗣️,12
EX-6-ย,ยีง,ยีง,ย,ย ยักษ์,6,🗣️,13
EX-6-ย,ยีน,ยีน,ย,ย ยักษ์,6,🗣️,14
EX-6-ย,ยีม,ยีม,ย,ย ยักษ์,6,🗣️,15
EX-6-ย,ยีด,ยีด,ย,ย ยักษ์,6,🗣️,16
EX-6-ย,ยีบ,ยีบ,ย,ย ยักษ์,6,🗣️,17
EX-6-ย,ยีก,ยีก,ย,ย ยักษ์,6,🗣️,18
EX-6-ย,ยึ,ยึ,ย,ย ยักษ์,6,🗣️,19
EX-6-ย,ยึง,ยึง,ย,ย ยักษ์,6,🗣️,20
EX-7-ย,ยึน,ยึน,ย,ย ยักษ์,7,🗣️,1
EX-7-ย,ยึม,ยึม,ย,ย ยักษ์,7,🗣️,2
EX-7-ย,ยึด,ยึด,ย,ย ยักษ์,7,🗣️,3
EX-7-ย,ยึบ,ยึบ,ย,ย ยักษ์,7,🗣️,4
EX-7-ย,ยึก,ยึก,ย,ย ยักษ์,7,🗣️,5
EX-7-ย,ยื,ยื,ย,ย ยักษ์,7,🗣️,6
EX-7-ย,ยืง,ยืง,ย,ย ยักษ์,7,🗣️,7
EX-7-ย,ยืน,ยืน,ย,ย ยักษ์,7,🗣️,8
EX-7-ย,ยืม,ยืม,ย,ย ยักษ์,7,🗣️,9
EX-7-ย,ยืด,ยืด,ย,ย ยักษ์,7,🗣️,10
EX-7-ย,ยืบ,ยืบ,ย,ย ยักษ์,7,🗣️,11
EX-7-ย,ยืก,ยืก,ย,ย ยักษ์,7,🗣️,12
EX-7-ย,ยุ,ยุ,ย,ย ยักษ์,7,🗣️,13
EX-7-ย,ยุง,ยุง,ย,ย ยักษ์,7,🗣️,14
EX-7-ย,ยุน,ยุน,ย,ย ยักษ์,7,🗣️,15
EX-7-ย,ยุม,ยุม,ย,ย ยักษ์,7,🗣️,16
EX-7-ย,ยุด,ยุด,ย,ย ยักษ์,7,🗣️,17
EX-7-ย,ยุบ,ยุบ,ย,ย ยักษ์,7,🗣️,18
EX-7-ย,ยุก,ยุก,ย,ย ยักษ์,7,🗣️,19
EX-7-ย,ยู,ยู,ย,ย ยักษ์,7,🗣️,20
EX-4-ร,เรือ,เรือ,ร,ร เรือ,4,⛵,1
EX-4-ร,รถ,รด,ร,ร เรือ,4,🚗,2
EX-4-ร,รุ้ง,รุ้ง,ร,ร เรือ,4,🌈,3
EX-4-ร,ร่ม,ร่ม,ร,ร เรือ,4,☂️,4
EX-4-ร,รัก,รัก,ร,ร เรือ,4,❤️,5
EX-4-ร,โรงเรียน,โรง-เรียน,ร,ร เรือ,4,🏫,6
EX-4-ร,รองเท้า,รอง-เท้า,ร,ร เรือ,4,👟,7
EX-4-ร,ระฆัง,ระ-คัง,ร,ร เรือ,4,🔔,8
EX-4-ร,รัง,รัง,ร,ร เรือ,4,🪺,9
EX-4-ร,รด,รด,ร,ร เรือ,4,🚿,10
EX-4-ร,รถไฟ,รด-ไฟ,ร,ร เรือ,4,🚂,11
EX-4-ร,รถเมล์,รด-เม,ร,ร เรือ,4,🚌,12
EX-4-ร,ร่มชูชีพ,ร่ม-ชู-ชีบ,ร,ร เรือ,4,🪂,13
EX-4-ร,รังนก,รัง-นก,ร,ร เรือ,4,🪺,14
EX-4-ร,รวงข้าว,รวง-ข้าว,ร,ร เรือ,4,🌾,15
EX-4-ร,รถพยาบาล,รด-พะ-ยา-บาน,ร,ร เรือ,4,🚑,16
EX-4-ร,รถดับเพลิง,รด-ดับ-เพฺลิง,ร,ร เรือ,4,🚒,17
EX-4-ร,ระบำ,ระ-บำ,ร,ร เรือ,4,💃,18
EX-4-ร,รดน้ำต้นไม้,รด-น้ำ-ต้น-ไม้,ร,ร เรือ,4,🌱,19
EX-4-ร,รองเท้าแตะ,รอง-เท้า-แตะ,ร,ร เรือ,4,🩴,20
EX-5-ร,เรือใบ,เรือ-ใบ,ร,ร เรือ,5,⛵,1
EX-5-ร,รถจักรยาน,รด-จัก-กระ-ยาน,ร,ร เรือ,5,🚲,2
EX-5-ร,รังผึ้ง,รัง-ผึ้ง,ร,ร เรือ,5,🍯,3
EX-5-ร,รุ้งกินน้ำ,รุ้ง-กิน-น้ำ,ร,ร เรือ,5,🌈,4
EX-5-ร,รีดผ้า,รีด-ผ้า,ร,ร เรือ,5,👔,5
EX-5-ร,ร้องเพลง,ร้อง-เพฺลง,ร,ร เรือ,5,🎤,6
EX-5-ร,รถบรรทุก,รด-บัน-ทุก,ร,ร เรือ,5,🚚,7
EX-5-ร,ระวัง,ระ-วัง,ร,ร เรือ,5,⚠️,8
EX-5-ร,รวงผึ้ง,รวง-ผึ้ง,ร,ร เรือ,5,🐝,9
EX-5-ร,รอยยิ้ม,รอย-ยิ้ม,ร,ร เรือ,5,🙂,10
EX-5-ร,ระ,ระ,ร,ร เรือ,5,🗣️,11
EX-5-ร,ระง,ระง,ร,ร เรือ,5,🗣️,12
EX-5-ร,ระน,ระน,ร,ร เรือ,5,🗣️,13
EX-5-ร,ระม,ระม,ร,ร เรือ,5,🗣️,14
EX-5-ร,ระด,ระด,ร,ร เรือ,5,🗣️,15
EX-5-ร,ระบ,ระบ,ร,ร เรือ,5,🗣️,16
EX-5-ร,ระก,ระก,ร,ร เรือ,5,🗣️,17
EX-5-ร,รา,รา,ร,ร เรือ,5,🗣️,18
EX-5-ร,ราง,ราง,ร,ร เรือ,5,🗣️,19
EX-5-ร,ราน,ราน,ร,ร เรือ,5,🗣️,20
EX-6-ร,ราม,ราม,ร,ร เรือ,6,🗣️,1
EX-6-ร,ราด,ราด,ร,ร เรือ,6,🗣️,2
EX-6-ร,ราบ,ราบ,ร,ร เรือ,6,🗣️,3
EX-6-ร,ราก,ราก,ร,ร เรือ,6,🗣️,4
EX-6-ร,ริ,ริ,ร,ร เรือ,6,🗣️,5
EX-6-ร,ริง,ริง,ร,ร เรือ,6,🗣️,6
EX-6-ร,ริน,ริน,ร,ร เรือ,6,🗣️,7
EX-6-ร,ริม,ริม,ร,ร เรือ,6,🗣️,8
EX-6-ร,ริด,ริด,ร,ร เรือ,6,🗣️,9
EX-6-ร,ริบ,ริบ,ร,ร เรือ,6,🗣️,10
EX-6-ร,ริก,ริก,ร,ร เรือ,6,🗣️,11
EX-6-ร,รี,รี,ร,ร เรือ,6,🗣️,12
EX-6-ร,รีง,รีง,ร,ร เรือ,6,🗣️,13
EX-6-ร,รีน,รีน,ร,ร เรือ,6,🗣️,14
EX-6-ร,รีม,รีม,ร,ร เรือ,6,🗣️,15
EX-6-ร,รีด,รีด,ร,ร เรือ,6,🗣️,16
EX-6-ร,รีบ,รีบ,ร,ร เรือ,6,🗣️,17
EX-6-ร,รีก,รีก,ร,ร เรือ,6,🗣️,18
EX-6-ร,รึ,รึ,ร,ร เรือ,6,🗣️,19
EX-6-ร,รึง,รึง,ร,ร เรือ,6,🗣️,20
EX-7-ร,รึน,รึน,ร,ร เรือ,7,🗣️,1
EX-7-ร,รึม,รึม,ร,ร เรือ,7,🗣️,2
EX-7-ร,รึด,รึด,ร,ร เรือ,7,🗣️,3
EX-7-ร,รึบ,รึบ,ร,ร เรือ,7,🗣️,4
EX-7-ร,รึก,รึก,ร,ร เรือ,7,🗣️,5
EX-7-ร,รื,รื,ร,ร เรือ,7,🗣️,6
EX-7-ร,รืง,รืง,ร,ร เรือ,7,🗣️,7
EX-7-ร,รืน,รืน,ร,ร เรือ,7,🗣️,8
EX-7-ร,รืม,รืม,ร,ร เรือ,7,🗣️,9
EX-7-ร,รืด,รืด,ร,ร เรือ,7,🗣️,10
EX-7-ร,รืบ,รืบ,ร,ร เรือ,7,🗣️,11
EX-7-ร,รืก,รืก,ร,ร เรือ,7,🗣️,12
EX-7-ร,รุ,รุ,ร,ร เรือ,7,🗣️,13
EX-7-ร,รุง,รุง,ร,ร เรือ,7,🗣️,14
EX-7-ร,รุน,รุน,ร,ร เรือ,7,🗣️,15
EX-7-ร,รุม,รุม,ร,ร เรือ,7,🗣️,16
EX-7-ร,รุด,รุด,ร,ร เรือ,7,🗣️,17
EX-7-ร,รุบ,รุบ,ร,ร เรือ,7,🗣️,18
EX-7-ร,รุก,รุก,ร,ร เรือ,7,🗣️,19
EX-7-ร,รู,รู,ร,ร เรือ,7,🗣️,20
EX-4-ล,ลิง,ลิง,ล,ล ลิง,4,🐵,1
EX-4-ล,ลม,ลม,ล,ล ลิง,4,💨,2
EX-4-ล,ลา,ลา,ล,ล ลิง,4,🫏,3
EX-4-ล,ไล่,ไล่,ล,ล ลิง,4,🏃,4
EX-4-ล,ลูก,ลูก,ล,ล ลิง,4,⚽,5
EX-4-ล,ลูกโป่ง,ลูก-โป่ง,ล,ล ลิง,4,🎈,6
EX-4-ล,ลูกบอล,ลูก-บอน,ล,ล ลิง,4,⚽,7
EX-4-ล,ลำไย,ลำ-ไย,ล,ล ลิง,4,🫐,8
EX-4-ล,ลิ้น,ลิ้น,ล,ล ลิง,4,👅,9
EX-4-ล,ลวด,ลวด,ล,ล ลิง,4,➰,10
EX-4-ล,ลูกอม,ลูก-อม,ล,ล ลิง,4,🍬,11
EX-4-ล,ลูกแมว,ลูก-แมว,ล,ล ลิง,4,🐱,12
EX-4-ล,ลูกหมา,ลูก-หฺมา,ล,ล ลิง,4,🐶,13
EX-4-ล,ลำโพง,ลำ-โพง,ล,ล ลิง,4,🔊,14
EX-4-ล,ลิฟต์,ลิบ,ล,ล ลิง,4,🛗,15
EX-4-ล,ลูกเจี๊ยบ,ลูก-เจี๊ยบ,ล,ล ลิง,4,🐤,16
EX-4-ล,ลูกชิ้น,ลูก-ชิ้น,ล,ล ลิง,4,🍡,17
EX-4-ล,ลายเสือ,ลาย-เสือ,ล,ล ลิง,4,🐯,18
EX-4-ล,ลูกบาศก์,ลูก-บาด,ล,ล ลิง,4,🧊,19
EX-4-ล,ลิงกัง,ลิง-กัง,ล,ล ลิง,4,🐒,20
EX-5-ล,ลำธาร,ลำ-ทาน,ล,ล ลิง,5,🏞️,1
EX-5-ล,ลูกเต๋า,ลูก-เต๋า,ล,ล ลิง,5,🎲,2
EX-5-ล,ลากจูง,ลาก-จูง,ล,ล ลิง,5,🚜,3
EX-5-ล,ลูกแก้ว,ลูก-แก้ว,ล,ล ลิง,5,🔮,4
EX-5-ล,ลายมือ,ลาย-มือ,ล,ล ลิง,5,✍️,5
EX-5-ล,ลอยกระทง,ลอย-กระ-ทง,ล,ล ลิง,5,🪷,6
EX-5-ล,ลูกสุนัข,ลูก-สุ-นัก,ล,ล ลิง,5,🐶,7
EX-5-ล,ลานกว้าง,ลาน-กฺว้าง,ล,ล ลิง,5,🏞️,8
EX-5-ล,ลูบหัว,ลูบ-หัว,ล,ล ลิง,5,🤲,9
EX-5-ล,ลิ้นจี่,ลิ้น-จี่,ล,ล ลิง,5,🍒,10
EX-5-ล,ละ,ละ,ล,ล ลิง,5,🗣️,11
EX-5-ล,ละง,ละง,ล,ล ลิง,5,🗣️,12
EX-5-ล,ละน,ละน,ล,ล ลิง,5,🗣️,13
EX-5-ล,ละม,ละม,ล,ล ลิง,5,🗣️,14
EX-5-ล,ละด,ละด,ล,ล ลิง,5,🗣️,15
EX-5-ล,ละบ,ละบ,ล,ล ลิง,5,🗣️,16
EX-5-ล,ละก,ละก,ล,ล ลิง,5,🗣️,17
EX-5-ล,ลา,ลา,ล,ล ลิง,5,🗣️,18
EX-5-ล,ลาง,ลาง,ล,ล ลิง,5,🗣️,19
EX-5-ล,ลาน,ลาน,ล,ล ลิง,5,🗣️,20
EX-6-ล,ลาม,ลาม,ล,ล ลิง,6,🗣️,1
EX-6-ล,ลาด,ลาด,ล,ล ลิง,6,🗣️,2
EX-6-ล,ลาบ,ลาบ,ล,ล ลิง,6,🗣️,3
EX-6-ล,ลาก,ลาก,ล,ล ลิง,6,🗣️,4
EX-6-ล,ลิ,ลิ,ล,ล ลิง,6,🗣️,5
EX-6-ล,ลิง,ลิง,ล,ล ลิง,6,🗣️,6
EX-6-ล,ลิน,ลิน,ล,ล ลิง,6,🗣️,7
EX-6-ล,ลิม,ลิม,ล,ล ลิง,6,🗣️,8
EX-6-ล,ลิด,ลิด,ล,ล ลิง,6,🗣️,9
EX-6-ล,ลิบ,ลิบ,ล,ล ลิง,6,🗣️,10
EX-6-ล,ลิก,ลิก,ล,ล ลิง,6,🗣️,11
EX-6-ล,ลี,ลี,ล,ล ลิง,6,🗣️,12
EX-6-ล,ลีง,ลีง,ล,ล ลิง,6,🗣️,13
EX-6-ล,ลีน,ลีน,ล,ล ลิง,6,🗣️,14
EX-6-ล,ลีม,ลีม,ล,ล ลิง,6,🗣️,15
EX-6-ล,ลีด,ลีด,ล,ล ลิง,6,🗣️,16
EX-6-ล,ลีบ,ลีบ,ล,ล ลิง,6,🗣️,17
EX-6-ล,ลีก,ลีก,ล,ล ลิง,6,🗣️,18
EX-6-ล,ลึ,ลึ,ล,ล ลิง,6,🗣️,19
EX-6-ล,ลึง,ลึง,ล,ล ลิง,6,🗣️,20
EX-7-ล,ลึน,ลึน,ล,ล ลิง,7,🗣️,1
EX-7-ล,ลึม,ลึม,ล,ล ลิง,7,🗣️,2
EX-7-ล,ลึด,ลึด,ล,ล ลิง,7,🗣️,3
EX-7-ล,ลึบ,ลึบ,ล,ล ลิง,7,🗣️,4
EX-7-ล,ลึก,ลึก,ล,ล ลิง,7,🗣️,5
EX-7-ล,ลื,ลื,ล,ล ลิง,7,🗣️,6
EX-7-ล,ลืง,ลืง,ล,ล ลิง,7,🗣️,7
EX-7-ล,ลืน,ลืน,ล,ล ลิง,7,🗣️,8
EX-7-ล,ลืม,ลืม,ล,ล ลิง,7,🗣️,9
EX-7-ล,ลืด,ลืด,ล,ล ลิง,7,🗣️,10
EX-7-ล,ลืบ,ลืบ,ล,ล ลิง,7,🗣️,11
EX-7-ล,ลืก,ลืก,ล,ล ลิง,7,🗣️,12
EX-7-ล,ลุ,ลุ,ล,ล ลิง,7,🗣️,13
EX-7-ล,ลุง,ลุง,ล,ล ลิง,7,🗣️,14
EX-7-ล,ลุน,ลุน,ล,ล ลิง,7,🗣️,15
EX-7-ล,ลุม,ลุม,ล,ล ลิง,7,🗣️,16
EX-7-ล,ลุด,ลุด,ล,ล ลิง,7,🗣️,17
EX-7-ล,ลุบ,ลุบ,ล,ล ลิง,7,🗣️,18
EX-7-ล,ลุก,ลุก,ล,ล ลิง,7,🗣️,19
EX-7-ล,ลู,ลู,ล,ล ลิง,7,🗣️,20
EX-4-ว,แหวน,แหฺวน,ว,ว แหวน,4,💍,1
EX-4-ว,วัว,วัว,ว,ว แหวน,4,🐮,2
EX-4-ว,วาว,วาว,ว,ว แหวน,4,✨,3
EX-4-ว,วาด,วาด,ว,ว แหวน,4,🎨,4
EX-4-ว,วิ่ง,วิ่ง,ว,ว แหวน,4,🏃,5
EX-4-ว,วาฬ,วาน,ว,ว แหวน,4,🐋,6
EX-4-ว,ว่าว,ว่าว,ว,ว แหวน,4,🪁,7
EX-4-ว,วงกลม,วง-กฺลม,ว,ว แหวน,4,⭕,8
EX-4-ว,วัด,วัด,ว,ว แหวน,4,🛕,9
EX-4-ว,วุ้น,วุ้น,ว,ว แหวน,4,🟩,10
EX-4-ว,แว่นตา,แว่น-ตา,ว,ว แหวน,4,👓,11
EX-4-ว,วันเกิด,วัน-เกิด,ว,ว แหวน,4,🎂,12
EX-4-ว,วาดรูป,วาด-รูบ,ว,ว แหวน,4,🖼️,13
EX-4-ว,วงดนตรี,วง-ดน-ตฺรี,ว,ว แหวน,4,🎵,14
EX-4-ว,วุ้นเส้น,วุ้น-เส้น,ว,ว แหวน,4,🍜,15
EX-4-ว,วิทยุ,วิด-ทะ-ยุ,ว,ว แหวน,4,📻,16
EX-4-ว,วาฬเพชฌฆาต,วาน-เพ็ด-ชะ-คาด,ว,ว แหวน,4,🐋,17
EX-4-ว,วงล้อ,วง-ล้อ,ว,ว แหวน,4,☸️,18
EX-4-ว,วาดการ์ตูน,วาด-กา-ตูน,ว,ว แหวน,4,🎨,19
EX-4-ว,วอลเลย์บอล,วอน-เล่ย์-บอน,ว,ว แหวน,4,🏐,20
EX-5-ว,วันหยุด,วัน-หฺยุด,ว,ว แหวน,5,🏖️,1
EX-5-ว,วิ่งแข่ง,วิ่ง-แข่ง,ว,ว แหวน,5,🏁,2
EX-5-ว,ไวโอลิน,ไว-โอ-ลิน,ว,ว แหวน,5,🎻,3
EX-5-ว,วิหาร,วิ-หาน,ว,ว แหวน,5,🛕,4
EX-5-ว,วาฬสีน้ำเงิน,วาน-สี-น้ำ-เงิน,ว,ว แหวน,5,🐋,5
EX-5-ว,ว่ายน้ำ,ว่าย-น้ำ,ว,ว แหวน,5,🏊,6
EX-5-ว,วุ้นกรอบ,วุ้น-กฺรอบ,ว,ว แหวน,5,🍮,7
EX-5-ว,วาดดาว,วาด-ดาว,ว,ว แหวน,5,⭐,8
EX-5-ว,วิ่งเล่น,วิ่ง-เล่น,ว,ว แหวน,5,🏃,9
EX-5-ว,แว่นขยาย,แว่น-ขะ-หฺยาย,ว,ว แหวน,5,🔍,10
EX-5-ว,วะ,วะ,ว,ว แหวน,5,🗣️,11
EX-5-ว,วะง,วะง,ว,ว แหวน,5,🗣️,12
EX-5-ว,วะน,วะน,ว,ว แหวน,5,🗣️,13
EX-5-ว,วะม,วะม,ว,ว แหวน,5,🗣️,14
EX-5-ว,วะด,วะด,ว,ว แหวน,5,🗣️,15
EX-5-ว,วะบ,วะบ,ว,ว แหวน,5,🗣️,16
EX-5-ว,วะก,วะก,ว,ว แหวน,5,🗣️,17
EX-5-ว,วา,วา,ว,ว แหวน,5,🗣️,18
EX-5-ว,วาง,วาง,ว,ว แหวน,5,🗣️,19
EX-5-ว,วาน,วาน,ว,ว แหวน,5,🗣️,20
EX-6-ว,วาม,วาม,ว,ว แหวน,6,🗣️,1
EX-6-ว,วาด,วาด,ว,ว แหวน,6,🗣️,2
EX-6-ว,วาบ,วาบ,ว,ว แหวน,6,🗣️,3
EX-6-ว,วาก,วาก,ว,ว แหวน,6,🗣️,4
EX-6-ว,วิ,วิ,ว,ว แหวน,6,🗣️,5
EX-6-ว,วิง,วิง,ว,ว แหวน,6,🗣️,6
EX-6-ว,วิน,วิน,ว,ว แหวน,6,🗣️,7
EX-6-ว,วิม,วิม,ว,ว แหวน,6,🗣️,8
EX-6-ว,วิด,วิด,ว,ว แหวน,6,🗣️,9
EX-6-ว,วิบ,วิบ,ว,ว แหวน,6,🗣️,10
EX-6-ว,วิก,วิก,ว,ว แหวน,6,🗣️,11
EX-6-ว,วี,วี,ว,ว แหวน,6,🗣️,12
EX-6-ว,วีง,วีง,ว,ว แหวน,6,🗣️,13
EX-6-ว,วีน,วีน,ว,ว แหวน,6,🗣️,14
EX-6-ว,วีม,วีม,ว,ว แหวน,6,🗣️,15
EX-6-ว,วีด,วีด,ว,ว แหวน,6,🗣️,16
EX-6-ว,วีบ,วีบ,ว,ว แหวน,6,🗣️,17
EX-6-ว,วีก,วีก,ว,ว แหวน,6,🗣️,18
EX-6-ว,วึ,วึ,ว,ว แหวน,6,🗣️,19
EX-6-ว,วึง,วึง,ว,ว แหวน,6,🗣️,20
EX-7-ว,วึน,วึน,ว,ว แหวน,7,🗣️,1
EX-7-ว,วึม,วึม,ว,ว แหวน,7,🗣️,2
EX-7-ว,วึด,วึด,ว,ว แหวน,7,🗣️,3
EX-7-ว,วึบ,วึบ,ว,ว แหวน,7,🗣️,4
EX-7-ว,วึก,วึก,ว,ว แหวน,7,🗣️,5
EX-7-ว,วื,วื,ว,ว แหวน,7,🗣️,6
EX-7-ว,วืง,วืง,ว,ว แหวน,7,🗣️,7
EX-7-ว,วืน,วืน,ว,ว แหวน,7,🗣️,8
EX-7-ว,วืม,วืม,ว,ว แหวน,7,🗣️,9
EX-7-ว,วืด,วืด,ว,ว แหวน,7,🗣️,10
EX-7-ว,วืบ,วืบ,ว,ว แหวน,7,🗣️,11
EX-7-ว,วืก,วืก,ว,ว แหวน,7,🗣️,12
EX-7-ว,วุ,วุ,ว,ว แหวน,7,🗣️,13
EX-7-ว,วุง,วุง,ว,ว แหวน,7,🗣️,14
EX-7-ว,วุน,วุน,ว,ว แหวน,7,🗣️,15
EX-7-ว,วุม,วุม,ว,ว แหวน,7,🗣️,16
EX-7-ว,วุด,วุด,ว,ว แหวน,7,🗣️,17
EX-7-ว,วุบ,วุบ,ว,ว แหวน,7,🗣️,18
EX-7-ว,วุก,วุก,ว,ว แหวน,7,🗣️,19
EX-7-ว,วู,วู,ว,ว แหวน,7,🗣️,20
EX-4-ส,เสือ,เสือ,ส,ส เสือ,4,🐯,1
EX-4-ส,ส้ม,ส้ม,ส,ส เสือ,4,🍊,2
EX-4-ส,สี,สี,ส,ส เสือ,4,🎨,3
EX-4-ส,สุนัข,สุ-นัก,ส,ส เสือ,4,🐶,4
EX-4-ส,สิงโต,สิง-โต,ส,ส เสือ,4,🦁,5
EX-4-ส,สับปะรด,สับ-ปะ-รด,ส,ส เสือ,4,🍍,6
EX-4-ส,สตรอว์เบอร์รี,สะ-ตอ-เบอ-รี,ส,ส เสือ,4,🍓,7
EX-4-ส,เสื้อ,เสื้อ,ส,ส เสือ,4,👕,8
EX-4-ส,สมุด,สะ-หฺมุด,ส,ส เสือ,4,📓,9
EX-4-ส,สร้อย,สฺร้อย,ส,ส เสือ,4,📿,10
EX-4-ส,สิงโตทะเล,สิง-โต-ทะ-เล,ส,ส เสือ,4,🦭,11
EX-4-ส,สะพาน,สะ-พาน,ส,ส เสือ,4,🌉,12
EX-4-ส,สนามบิน,สะ-หฺนาม-บิน,ส,ส เสือ,4,🛫,13
EX-4-ส,สวนสัตว์,สวน-สัด,ส,ส เสือ,4,🦒,14
EX-4-ส,สายรุ้ง,สาย-รุ้ง,ส,ส เสือ,4,🌈,15
EX-4-ส,เสือดาว,เสือ-ดาว,ส,ส เสือ,4,🐆,16
EX-4-ส,ส้มตำ,ส้ม-ตำ,ส,ส เสือ,4,🥗,17
EX-4-ส,สบู่,สะ-บู่,ส,ส เสือ,4,🧼,18
EX-4-ส,เสาไฟ,เสา-ไฟ,ส,ส เสือ,4,💡,19
EX-4-ส,สวมหมวก,สวม-หฺมวก,ส,ส เสือ,4,🧢,20
EX-5-ส,สุริยะ,สุ-ริ-ยะ,ส,ส เสือ,5,☀️,1
EX-5-ส,สิงโตน้อย,สิง-โต-น้อย,ส,ส เสือ,5,🦁,2
EX-5-ส,สายฝน,สาย-ฝน,ส,ส เสือ,5,🌧️,3
EX-5-ส,สามเหลี่ยม,สาม-เหฺลี่ยม,ส,ส เสือ,5,🔺,4
EX-5-ส,เสื้อกันหนาว,เสื้อ-กัน-หฺนาว,ส,ส เสือ,5,🧥,5
EX-5-ส,สนุก,สะ-หฺนุก,ส,ส เสือ,5,😄,6
EX-5-ส,สวนดอกไม้,สวน-ดอก-ไม้,ส,ส เสือ,5,🌷,7
EX-5-ส,สีเทียน,สี-เทียน,ส,ส เสือ,5,🖍️,8
EX-5-ส,สะดือ,สะ-ดือ,ส,ส เสือ,5,🤰,9
EX-5-ส,สำลี,สำ-ลี,ส,ส เสือ,5,☁️,10
EX-5-ส,สะ,สะ,ส,ส เสือ,5,🗣️,11
EX-5-ส,สะง,สะง,ส,ส เสือ,5,🗣️,12
EX-5-ส,สะน,สะน,ส,ส เสือ,5,🗣️,13
EX-5-ส,สะม,สะม,ส,ส เสือ,5,🗣️,14
EX-5-ส,สะด,สะด,ส,ส เสือ,5,🗣️,15
EX-5-ส,สะบ,สะบ,ส,ส เสือ,5,🗣️,16
EX-5-ส,สะก,สะก,ส,ส เสือ,5,🗣️,17
EX-5-ส,สา,สา,ส,ส เสือ,5,🗣️,18
EX-5-ส,สาง,สาง,ส,ส เสือ,5,🗣️,19
EX-5-ส,สาน,สาน,ส,ส เสือ,5,🗣️,20
EX-6-ส,สาม,สาม,ส,ส เสือ,6,🗣️,1
EX-6-ส,สาด,สาด,ส,ส เสือ,6,🗣️,2
EX-6-ส,สาบ,สาบ,ส,ส เสือ,6,🗣️,3
EX-6-ส,สาก,สาก,ส,ส เสือ,6,🗣️,4
EX-6-ส,สิ,สิ,ส,ส เสือ,6,🗣️,5
EX-6-ส,สิง,สิง,ส,ส เสือ,6,🗣️,6
EX-6-ส,สิน,สิน,ส,ส เสือ,6,🗣️,7
EX-6-ส,สิม,สิม,ส,ส เสือ,6,🗣️,8
EX-6-ส,สิด,สิด,ส,ส เสือ,6,🗣️,9
EX-6-ส,สิบ,สิบ,ส,ส เสือ,6,🗣️,10
EX-6-ส,สิก,สิก,ส,ส เสือ,6,🗣️,11
EX-6-ส,สี,สี,ส,ส เสือ,6,🗣️,12
EX-6-ส,สีง,สีง,ส,ส เสือ,6,🗣️,13
EX-6-ส,สีน,สีน,ส,ส เสือ,6,🗣️,14
EX-6-ส,สีม,สีม,ส,ส เสือ,6,🗣️,15
EX-6-ส,สีด,สีด,ส,ส เสือ,6,🗣️,16
EX-6-ส,สีบ,สีบ,ส,ส เสือ,6,🗣️,17
EX-6-ส,สีก,สีก,ส,ส เสือ,6,🗣️,18
EX-6-ส,สึ,สึ,ส,ส เสือ,6,🗣️,19
EX-6-ส,สึง,สึง,ส,ส เสือ,6,🗣️,20
EX-7-ส,สึน,สึน,ส,ส เสือ,7,🗣️,1
EX-7-ส,สึม,สึม,ส,ส เสือ,7,🗣️,2
EX-7-ส,สึด,สึด,ส,ส เสือ,7,🗣️,3
EX-7-ส,สึบ,สึบ,ส,ส เสือ,7,🗣️,4
EX-7-ส,สึก,สึก,ส,ส เสือ,7,🗣️,5
EX-7-ส,สื,สื,ส,ส เสือ,7,🗣️,6
EX-7-ส,สืง,สืง,ส,ส เสือ,7,🗣️,7
EX-7-ส,สืน,สืน,ส,ส เสือ,7,🗣️,8
EX-7-ส,สืม,สืม,ส,ส เสือ,7,🗣️,9
EX-7-ส,สืด,สืด,ส,ส เสือ,7,🗣️,10
EX-7-ส,สืบ,สืบ,ส,ส เสือ,7,🗣️,11
EX-7-ส,สืก,สืก,ส,ส เสือ,7,🗣️,12
EX-7-ส,สุ,สุ,ส,ส เสือ,7,🗣️,13
EX-7-ส,สุง,สุง,ส,ส เสือ,7,🗣️,14
EX-7-ส,สุน,สุน,ส,ส เสือ,7,🗣️,15
EX-7-ส,สุม,สุม,ส,ส เสือ,7,🗣️,16
EX-7-ส,สุด,สุด,ส,ส เสือ,7,🗣️,17
EX-7-ส,สุบ,สุบ,ส,ส เสือ,7,🗣️,18
EX-7-ส,สุก,สุก,ส,ส เสือ,7,🗣️,19
EX-7-ส,สู,สู,ส,ส เสือ,7,🗣️,20
EX-4-ห,หีบ,หีบ,ห,ห หีบ,4,🧰,1
EX-4-ห,หมา,หฺมา,ห,ห หีบ,4,🐶,2
EX-4-ห,หมู,หฺมู,ห,ห หีบ,4,🐷,3
EX-4-ห,หู,หู,ห,ห หีบ,4,👂,4
EX-4-ห,หิน,หิน,ห,ห หีบ,4,🪨,5
EX-4-ห,หมี,หฺมี,ห,ห หีบ,4,🐻,6
EX-4-ห,หงส์,หง,ห,ห หีบ,4,🦢,7
EX-4-ห,หอย,หอย,ห,ห หีบ,4,🐚,8
EX-4-ห,ห่าน,ห่าน,ห,ห หีบ,4,🦆,9
EX-4-ห,หวี,หฺวี,ห,ห หีบ,4,💇,10
EX-4-ห,หมวก,หฺมวก,ห,ห หีบ,4,🧢,11
EX-4-ห,หนังสือ,หฺนัง-สือ,ห,ห หีบ,4,📖,12
EX-4-ห,หัวใจ,หัว-ใจ,ห,ห หีบ,4,❤️,13
EX-4-ห,หิมะ,หิ-มะ,ห,ห หีบ,4,❄️,14
EX-4-ห,หมูป่า,หฺมู-ป่า,ห,ห หีบ,4,🐗,15
EX-4-ห,หน้ากาก,หฺน้า-กาก,ห,ห หีบ,4,🎭,16
EX-4-ห,หลอดไฟ,หฺลอด-ไฟ,ห,ห หีบ,4,💡,17
EX-4-ห,หางม้า,หาง-ม้า,ห,ห หีบ,4,🐴,18
EX-4-ห,หมากรุก,หฺมาก-รุก,ห,ห หีบ,4,♟️,19
EX-4-ห,หอยทาก,หอย-ทาก,ห,ห หีบ,4,🐌,20
EX-5-ห,หม้อข้าว,หฺม้อ-ข้าว,ห,ห หีบ,5,🍚,1
EX-5-ห,หิ่งห้อย,หิ่ง-ห้อย,ห,ห หีบ,5,✨,2
EX-5-ห,หนอน,หฺนอน,ห,ห หีบ,5,🐛,3
EX-5-ห,หัวเราะ,หัว-เราะ,ห,ห หีบ,5,😆,4
EX-5-ห,หมากฝรั่ง,หฺมาก-ฝะ-หฺรั่ง,ห,ห หีบ,5,🍬,5
EX-5-ห,หน้าต่าง,หฺน้า-ต่าง,ห,ห หีบ,5,🪟,6
EX-5-ห,หลอดดูด,หฺลอด-ดูด,ห,ห หีบ,5,🥤,7
EX-5-ห,หางนกยูง,หาง-นก-ยูง,ห,ห หีบ,5,🦚,8
EX-5-ห,ห่อของ,ห่อ-ของ,ห,ห หีบ,5,🎁,9
EX-5-ห,หัวโต,หัว-โต,ห,ห หีบ,5,🧠,10
EX-5-ห,หะ,หะ,ห,ห หีบ,5,🗣️,11
EX-5-ห,หะง,หะง,ห,ห หีบ,5,🗣️,12
EX-5-ห,หะน,หะน,ห,ห หีบ,5,🗣️,13
EX-5-ห,หะม,หะม,ห,ห หีบ,5,🗣️,14
EX-5-ห,หะด,หะด,ห,ห หีบ,5,🗣️,15
EX-5-ห,หะบ,หะบ,ห,ห หีบ,5,🗣️,16
EX-5-ห,หะก,หะก,ห,ห หีบ,5,🗣️,17
EX-5-ห,หา,หา,ห,ห หีบ,5,🗣️,18
EX-5-ห,หาง,หาง,ห,ห หีบ,5,🗣️,19
EX-5-ห,หาน,หาน,ห,ห หีบ,5,🗣️,20
EX-6-ห,หาม,หาม,ห,ห หีบ,6,🗣️,1
EX-6-ห,หาด,หาด,ห,ห หีบ,6,🗣️,2
EX-6-ห,หาบ,หาบ,ห,ห หีบ,6,🗣️,3
EX-6-ห,หาก,หาก,ห,ห หีบ,6,🗣️,4
EX-6-ห,หิ,หิ,ห,ห หีบ,6,🗣️,5
EX-6-ห,หิง,หิง,ห,ห หีบ,6,🗣️,6
EX-6-ห,หิน,หิน,ห,ห หีบ,6,🗣️,7
EX-6-ห,หิม,หิม,ห,ห หีบ,6,🗣️,8
EX-6-ห,หิด,หิด,ห,ห หีบ,6,🗣️,9
EX-6-ห,หิบ,หิบ,ห,ห หีบ,6,🗣️,10
EX-6-ห,หิก,หิก,ห,ห หีบ,6,🗣️,11
EX-6-ห,หี,หี,ห,ห หีบ,6,🗣️,12
EX-6-ห,หีง,หีง,ห,ห หีบ,6,🗣️,13
EX-6-ห,หีน,หีน,ห,ห หีบ,6,🗣️,14
EX-6-ห,หีม,หีม,ห,ห หีบ,6,🗣️,15
EX-6-ห,หีด,หีด,ห,ห หีบ,6,🗣️,16
EX-6-ห,หีบ,หีบ,ห,ห หีบ,6,🗣️,17
EX-6-ห,หีก,หีก,ห,ห หีบ,6,🗣️,18
EX-6-ห,หึ,หึ,ห,ห หีบ,6,🗣️,19
EX-6-ห,หึง,หึง,ห,ห หีบ,6,🗣️,20
EX-7-ห,หึน,หึน,ห,ห หีบ,7,🗣️,1
EX-7-ห,หึม,หึม,ห,ห หีบ,7,🗣️,2
EX-7-ห,หึด,หึด,ห,ห หีบ,7,🗣️,3
EX-7-ห,หึบ,หึบ,ห,ห หีบ,7,🗣️,4
EX-7-ห,หึก,หึก,ห,ห หีบ,7,🗣️,5
EX-7-ห,หื,หื,ห,ห หีบ,7,🗣️,6
EX-7-ห,หืง,หืง,ห,ห หีบ,7,🗣️,7
EX-7-ห,หืน,หืน,ห,ห หีบ,7,🗣️,8
EX-7-ห,หืม,หืม,ห,ห หีบ,7,🗣️,9
EX-7-ห,หืด,หืด,ห,ห หีบ,7,🗣️,10
EX-7-ห,หืบ,หืบ,ห,ห หีบ,7,🗣️,11
EX-7-ห,หืก,หืก,ห,ห หีบ,7,🗣️,12
EX-7-ห,หุ,หุ,ห,ห หีบ,7,🗣️,13
EX-7-ห,หุง,หุง,ห,ห หีบ,7,🗣️,14
EX-7-ห,หุน,หุน,ห,ห หีบ,7,🗣️,15
EX-7-ห,หุม,หุม,ห,ห หีบ,7,🗣️,16
EX-7-ห,หุด,หุด,ห,ห หีบ,7,🗣️,17
EX-7-ห,หุบ,หุบ,ห,ห หีบ,7,🗣️,18
EX-7-ห,หุก,หุก,ห,ห หีบ,7,🗣️,19
EX-7-ห,หู,หู,ห,ห หีบ,7,🗣️,20
EX-4-อ,อ่าง,อ่าง,อ,อ อ่าง,4,🛁,1
EX-4-อ,อา,อา,อ,อ อ่าง,4,🧑,2
EX-4-อ,อ้อย,อ้อย,อ,อ อ่าง,4,🎋,3
EX-4-อ,อิ่ม,อิ่ม,อ,อ อ่าง,4,😋,4
EX-4-อ,เอว,เอว,อ,อ อ่าง,4,🕴️,5
EX-4-อ,อูฐ,อูด,อ,อ อ่าง,4,🐫,6
EX-4-อ,อึ่งอ่าง,อึ่ง-อ่าง,อ,อ อ่าง,4,🐸,7
EX-4-อ,อ่างน้ำ,อ่าง-น้ำ,อ,อ อ่าง,4,🛁,8
EX-4-อ,อ้วน,อ้วน,อ,อ อ่าง,4,🧸,9
EX-4-อ,อก,อก,อ,อ อ่าง,4,🫁,10
EX-4-อ,อมยิ้ม,อม-ยิ้ม,อ,อ อ่าง,4,🍭,11
EX-4-อ,อาหาร,อา-หาน,อ,อ อ่าง,4,🍱,12
EX-4-อ,อินทผลัม,อิน-ทะ-ผะ-ลำ,อ,อ อ่าง,4,🌴,13
EX-4-อ,อ่างทอง,อ่าง-ทอง,อ,อ อ่าง,4,🏆,14
EX-4-อ,อูฐทะเลทราย,อูด-ทะ-เล-ซาย,อ,อ อ่าง,4,🐫,15
EX-4-อ,องุ่น,อะ-หฺงุ่น,อ,อ อ่าง,4,🍇,16
EX-4-อ,อาบน้ำ,อาบ-น้ำ,อ,อ อ่าง,4,🛀,17
EX-4-อ,อิฐ,อิด,อ,อ อ่าง,4,🧱,18
EX-4-อ,อ้อมกอด,อ้อม-กอด,อ,อ อ่าง,4,🤗,19
EX-4-อ,อ่านหนังสือ,อ่าน-หฺนัง-สือ,อ,อ อ่าง,4,📖,20
EX-5-อ,เอ็น,เอ็น,อ,อ อ่าง,5,💪,1
EX-5-อ,อวกาศ,อะ-วะ-กาด,อ,อ อ่าง,5,🚀,2
EX-5-อ,อีกา,อี-กา,อ,อ อ่าง,5,🐦‍⬛,3
EX-5-อ,อ้าปาก,อ้า-ปาก,อ,อ อ่าง,5,😮,4
EX-5-อ,อุ้มเด็ก,อุ้ม-เด็ก,อ,อ อ่าง,5,👶,5
EX-5-อ,อบขนม,อบ-ขะ-หฺนม,อ,อ อ่าง,5,🍪,6
EX-5-อ,อ่อนโยน,อ่อน-โยน,อ,อ อ่าง,5,🕊️,7
EX-5-อ,อึด,อึด,อ,อ อ่าง,5,💪,8
EX-5-อ,อ้อยควั่น,อ้อย-คฺวั่น,อ,อ อ่าง,5,🎋,9
EX-5-อ,อ่าวทะเล,อ่าว-ทะ-เล,อ,อ อ่าง,5,🏖️,10
EX-5-อ,อะ,อะ,อ,อ อ่าง,5,🗣️,11
EX-5-อ,อะง,อะง,อ,อ อ่าง,5,🗣️,12
EX-5-อ,อะน,อะน,อ,อ อ่าง,5,🗣️,13
EX-5-อ,อะม,อะม,อ,อ อ่าง,5,🗣️,14
EX-5-อ,อะด,อะด,อ,อ อ่าง,5,🗣️,15
EX-5-อ,อะบ,อะบ,อ,อ อ่าง,5,🗣️,16
EX-5-อ,อะก,อะก,อ,อ อ่าง,5,🗣️,17
EX-5-อ,อา,อา,อ,อ อ่าง,5,🗣️,18
EX-5-อ,อาง,อาง,อ,อ อ่าง,5,🗣️,19
EX-5-อ,อาน,อาน,อ,อ อ่าง,5,🗣️,20
EX-6-อ,อาม,อาม,อ,อ อ่าง,6,🗣️,1
EX-6-อ,อาด,อาด,อ,อ อ่าง,6,🗣️,2
EX-6-อ,อาบ,อาบ,อ,อ อ่าง,6,🗣️,3
EX-6-อ,อาก,อาก,อ,อ อ่าง,6,🗣️,4
EX-6-อ,อิ,อิ,อ,อ อ่าง,6,🗣️,5
EX-6-อ,อิง,อิง,อ,อ อ่าง,6,🗣️,6
EX-6-อ,อิน,อิน,อ,อ อ่าง,6,🗣️,7
EX-6-อ,อิม,อิม,อ,อ อ่าง,6,🗣️,8
EX-6-อ,อิด,อิด,อ,อ อ่าง,6,🗣️,9
EX-6-อ,อิบ,อิบ,อ,อ อ่าง,6,🗣️,10
EX-6-อ,อิก,อิก,อ,อ อ่าง,6,🗣️,11
EX-6-อ,อี,อี,อ,อ อ่าง,6,🗣️,12
EX-6-อ,อีง,อีง,อ,อ อ่าง,6,🗣️,13
EX-6-อ,อีน,อีน,อ,อ อ่าง,6,🗣️,14
EX-6-อ,อีม,อีม,อ,อ อ่าง,6,🗣️,15
EX-6-อ,อีด,อีด,อ,อ อ่าง,6,🗣️,16
EX-6-อ,อีบ,อีบ,อ,อ อ่าง,6,🗣️,17
EX-6-อ,อีก,อีก,อ,อ อ่าง,6,🗣️,18
EX-6-อ,อึ,อึ,อ,อ อ่าง,6,🗣️,19
EX-6-อ,อึง,อึง,อ,อ อ่าง,6,🗣️,20
EX-7-อ,อึน,อึน,อ,อ อ่าง,7,🗣️,1
EX-7-อ,อึม,อึม,อ,อ อ่าง,7,🗣️,2
EX-7-อ,อึด,อึด,อ,อ อ่าง,7,🗣️,3
EX-7-อ,อึบ,อึบ,อ,อ อ่าง,7,🗣️,4
EX-7-อ,อึก,อึก,อ,อ อ่าง,7,🗣️,5
EX-7-อ,อื,อื,อ,อ อ่าง,7,🗣️,6
EX-7-อ,อืง,อืง,อ,อ อ่าง,7,🗣️,7
EX-7-อ,อืน,อืน,อ,อ อ่าง,7,🗣️,8
EX-7-อ,อืม,อืม,อ,อ อ่าง,7,🗣️,9
EX-7-อ,อืด,อืด,อ,อ อ่าง,7,🗣️,10
EX-7-อ,อืบ,อืบ,อ,อ อ่าง,7,🗣️,11
EX-7-อ,อืก,อืก,อ,อ อ่าง,7,🗣️,12
EX-7-อ,อุ,อุ,อ,อ อ่าง,7,🗣️,13
EX-7-อ,อุง,อุง,อ,อ อ่าง,7,🗣️,14
EX-7-อ,อุน,อุน,อ,อ อ่าง,7,🗣️,15
EX-7-อ,อุม,อุม,อ,อ อ่าง,7,🗣️,16
EX-7-อ,อุด,อุด,อ,อ อ่าง,7,🗣️,17
EX-7-อ,อุบ,อุบ,อ,อ อ่าง,7,🗣️,18
EX-7-อ,อุก,อุก,อ,อ อ่าง,7,🗣️,19
EX-7-อ,อู,อู,อ,อ อ่าง,7,🗣️,20
